pubkey,idebt_ratio,idebt_loaded,idebt_depth,idebt_agents,trustrank,in_degree,endorsement_count
000be66addfd0a2240d1524c7d56ee0a4f6dabad66bf4404f00dd605338852ab,7.453073e-06,1,2,1,1.881699e-04,1,1
0038075ff14c76dd008382504fdb75f335cbd2c07782802e6268c89273423be9,2.454545e-03,1,2,1,1.617056e-02,1,1
0083ba235d531d6dcaac2ebbc5a4e12a7c14cc7583d41c74731b96b95254c294,8.384707e-07,1,3,1,3.999916e-05,1,1
00b63b28b8d5601f8067abcc93b5cb69616dcd6ebc09ede5bd1937464eba92ef,1.629123e-05,1,2,1,4.293068e-04,1,1
010206a753f1e5dcaf96af3701c3298954090bf3ecd441ef6653116dfcca2fdb,1.629123e-05,1,2,1,4.293068e-04,1,1
0128cbb0c02c5791933b2634366f9bd97de5479b7e318e42d85c156347146231,7.453073e-06,1,2,1,1.881699e-04,1,1
018972e46d221b9dbe904f95befdce506a02da5efac92212108fbb8ed6e3c298,1.787290e-05,1,2,1,4.851167e-04,1,1
01b43b58e23e1b8ba5449ccf3079e2b3ea1145d77c4508cb5d660df5a852ce2e,4.658171e-08,1,3,1,2.191735e-06,1,1
02432e874b590ce7534b2910fc944f117957d1f56a1e9833e07b1a81795b13c1,1.676941e-09,1,4,1,6.885185e-08,1,1
024f5586528f3f4aec9c2bac5870f033d54899da5f4e243b8ec1ceb60c00b9bc,7.453073e-06,1,2,1,1.881699e-04,1,1
025fe39ead75615b1d2a81563b4afbd593461cd8b7740b3aadd07c9415db62f2,7.453073e-06,1,2,1,1.881699e-04,1,1
029a4323eb53ee87677ec5704851d7d8fb8ca87c3a4508f41c00acd4ebe70612,1.787290e-05,1,2,1,4.851167e-04,1,1
032f712e30eb553aad1c0ae1590b3a8703d831f2844e5f4657a5a31ca1344018,1.787290e-05,1,2,1,4.851167e-04,1,1
03480b72b2fded282519a60b1e88c30e49982423770eb47b76a0e43b7014f7ae,1.676941e-09,1,4,1,6.885185e-08,1,1
03a611e06b87c1d4b5f682cc1d56c2ee1a274849fd1bc0174fb93c9c9d4538b7,8.181818e-03,1,1,1,5.708264e-02,0,0
0425d5aa4a793d30d070a50ae2d01bdf75fb2a8bc3590e0efcd6dce136c89def,7.453073e-06,1,2,1,1.881699e-04,1,1
04262e64888a543ee8b496db527ae24d5031fe9380c6504b74d48839370cbd4a,9.402269e-06,1,2,1,2.191735e-06,1,1
045a8f33cbff2c5d992867888dd9cb7efab7928d13b13fa430b93b5ef476b3b1,6.707766e-06,1,3,1,1.599966e-04,1,1
0461329aaf40bbec441b0003b9ac47c1d49b66c6ef0533033719bf49a4751f3d,7.453073e-06,1,2,1,1.881699e-04,1,1
04bf4c92f9e3ed39651c330f1eb59ed27a5ba07f6a3f07e0785c16ae5d2c4274,1.629123e-05,1,2,1,4.293068e-04,1,1
056c1442cc4cd74810329a027d5b8a4164d8dd3262aa30fb69128a99b45badef,3.726537e-06,1,2,1,1.881699e-04,1,1
056cc2ff3887228d2f6aecd9c3757d32c569e5fb5d2f514eb973f0e32dd3ae35,4.124516e-07,1,3,1,1.006080e-05,1,1
0591f91b493bd56fa00c14cf13c854555f8e7489cddbbdabccc680c64008e77e,7.453073e-06,1,2,1,1.881699e-04,1,1
05c0e056b0cc43e131e311af3d02d14ea82834c0b1da624c01ffc739d22990aa,7.453073e-06,1,2,1,1.881699e-04,1,1
05ce716ddb4cb819f662fa07abc6e2a1969cf862e4bff51739c80a81f6b10593,8.384707e-07,1,3,1,3.999916e-05,1,1
06127e37f4b1ef943a85e852b168923b2a47d2ba6b3d5e965264e0d46b774733,7.453073e-06,1,2,1,1.881699e-04,1,1
0695aa9db917a3a8ddbc4288a830ea405386081a21a8722d5c1de012e40d3262,7.453073e-06,1,2,1,3.763397e-04,1,2
06b29447aa8aa6d64f346f0d7dcc87ea52004e08f6fc0688773f1b103caaa81b,1.787290e-05,1,2,1,4.851167e-04,1,1
06eac481d8dccce45c9f5c4d284da19b00e4f500e04e6113ba1868f80f060886,1.497269e-09,1,4,1,6.639285e-08,1,1
074cb1f51873fc7f12a063fb2f42f4a383a991d5d407650568bc5c9f5352f5df,1.629123e-05,1,2,1,4.293068e-04,1,1
0753e9cd9ac9f3c7abcc468a23fbd517fef5964d9bdc7706be5821d879b42783,1.629123e-05,1,2,1,4.293068e-04,1,1
078e232eb59893b365c237c4ded7b5ec541626899a8824537f29ccb7167c5b7d,6.335112e-08,1,3,1,2.260587e-06,2,2
07f01692e1bb9d3d6e43c000721e55f342ed5d52decaabf78758468c1fbc5045,7.453073e-06,1,2,1,1.881699e-04,1,1
08059c90fc403d0cb531f27a1f843c71ca2e0b2071e8a2ddef3b4bcc5b652bf9,1.787290e-05,1,2,1,4.851167e-04,1,1
08739683c69453f9c466885dbfc83acaff397fa5f5fe544f53da10ec5e1a9596,4.192354e-08,1,4,1,1.981711e-06,1,1
08bd4bbba7e478547c748a93bdaaabb4aed3ee2f243290a938fdd4a36ad144a5,1.629123e-05,1,2,1,0.000000e+00,0,0
08edb8944a8f25264447c312470deefe324b862126af84c00dc0fb8dda5c75c7,7.453073e-06,1,2,1,1.881699e-04,1,1
09173a03de4835f2f1d4cdbdeb46ee2ed4afae5f60228010d70fadd1347f68a9,1.787290e-05,1,2,1,4.851167e-04,1,1
093bb905b924e683a425e23f8aa068a1dc047e18b363843e86cd63f03ece5e60,1.787290e-05,1,2,1,4.851167e-04,1,1
0974014e2e59aff9e9d0ef99531b8a6d32586b1f86221879b12ba222295c38a4,6.335112e-08,1,3,1,2.260587e-06,2,2
09862b2fff30d99f1d2eb4c182818d84af2e99c93920860638642cb763282a82,7.453073e-06,1,2,1,1.881699e-04,1,1
09ae301d1c69f6d16fd5b173813f432ec7db798cfae83bd1f7c7bfb5dd248d97,7.453073e-06,1,2,1,1.881699e-04,1,1
09d903ae0f7a0804a94773d7ddb082e46948ecd0dd8b5f62a1b077835b1f4898,1.629123e-05,1,2,1,4.293068e-04,1,1
0a0258e27d639a56b60a9e0c521bcf0790188f3c664665d211c6009625ac0bb9,4.543752e-07,1,3,1,1.043260e-05,2,3
0aca230302b0d721a1aca1276e0c496b6a599d30120d3a4c8c45e81b2cc65922,1.497269e-09,1,4,1,6.639285e-08,1,1
0ad7c62228d8fb4422dbef6706050048b4d1f3d2faf22a4f2cd8e22862ebab5c,7.453073e-06,1,2,1,1.881699e-04,1,1
0af25ea6a877749277be8c7f9fa160d4cbde3fd034bc087f53627ac6d3e3d8d5,7.453073e-06,1,2,1,1.881699e-04,1,1
0b54d5ae88cbaccd664121c60dd7673a64f388ae961ce301680d8f19a7b81778,6.453602e-07,1,3,1,1.006080e-05,1,1
0bd1310acdc161ab9520d2af21c1bc34a0fba2d99d77acd4f81fa94a02a8d8bd,7.453073e-06,1,2,1,1.881699e-04,1,1
0d4b1f7f9d90259bcec956a3c18156929b55c8336974dacc05eb6b4029046b25,4.658171e-08,1,3,1,2.191735e-06,1,1
0dc469e0ba62937f424f5bd32512c670182cc9cea7dcd76b2deda8dca38d188b,1.676941e-09,1,4,1,1.377037e-07,1,2
0ea4474336e3011fc46a8cffdf4b65ceaf970a31da9d477ec1580846bb1abb36,1.629123e-05,1,2,1,4.293068e-04,1,1
0edd0d719565e9800e9f3fabf4d1e40e888d264dc81066913d7622310be1274a,1.629123e-05,1,2,1,4.293068e-04,1,1
0ee99c96fb9090cdf56dc7ca5150511a537a00b711270105c2cc288bbe27c5bb,7.453073e-06,1,2,1,1.881699e-04,1,1
0f7c8073e6475dafb4e5b33a37adf536ccee8c3c65e23e352cb0da3adc2dba59,1.787290e-05,1,2,1,4.851167e-04,1,1
0fb03956c40b0c46c27748151359a4090dd6c73994f9242c0d3e54cfd19eef3a,1.787290e-05,1,2,1,4.851167e-04,1,1
102a641cc77bca3cb5739425a295da854e79073b481b0e1433200dc99ca8e381,7.453073e-06,1,2,1,1.881699e-04,1,1
106d46997176f64f0dd2cdcea3497819d2b6ebb77c12da0c56e9cd70da27a737,7.453073e-06,1,2,1,1.881699e-04,1,1
110a48f315106d3331e1b3564cfffc8a74c86c08e610e0307d60fbe36215024b,4.658171e-08,1,3,1,2.191735e-06,1,1
111b0edd04602e53642bf10b9a0952a529f161ee4f14dc976477f3b1671332d5,1.497269e-09,1,4,1,6.639285e-08,1,1
114605c21a422728959db112f1067f6adb562c95422716e36f9434330d510953,1.787290e-05,1,2,1,4.851167e-04,1,1
1162349fdeaf431e71ab55898cb2a425b971d466150c2aa5b3c1beb498045a37,2.102559e-03,1,1,1,5.756776e-02,1,1
1228b73227bf2d5a3ae7d312d60856f8e872ce719559ea0bd6e9e5544962b008,1.629123e-05,1,2,1,4.293068e-04,1,1
127daa9d82afb2bbe798b445fd9c11bb25c5c07d7505f85a73375bd8e3d41e6f,3.726537e-06,1,2,1,1.881699e-04,1,1
12f741f1cd045d21abd9b7a0ada873c01059d4ee4de219033b4ee6a7db4853c9,1.629123e-05,1,2,1,4.293068e-04,1,1
12f8db39009e2ac3bbab502010139c93945be7b384e5523529c4c1bf4abb231a,3.726537e-06,1,2,1,1.881699e-04,1,1
134a4406facecce4abb192e0ea49dc6e44528a54aeb536c82b83c09265bfbf49,1.629123e-05,1,2,1,4.293068e-04,1,1
13c41dac9e983c111f27bf7e38692b5b85797198ff2e4d9d3e61eb7c0e5ded39,7.453073e-06,1,2,1,1.881699e-04,1,1
1460f082f4db23d05232642548f6b567c4b7be4d202672795d1836c34c20fc5a,7.453073e-06,1,2,1,1.881699e-04,1,1
1494e31f51743803c89ddf76dc92d8014a6add83d8295cb1c17dc8f64c56ba83,7.453073e-06,1,2,1,1.881699e-04,1,1
14c2bab689317176fba325600c16de0c908da9df79e377f2bcd73ac02816c8f6,7.453073e-06,1,2,1,1.881699e-04,1,1
15ef872a163de8cc805e46985dc326c4558e58eb86cda8e94d6a2f5f84de07bb,7.453073e-06,1,2,1,1.881699e-04,1,1
15f0e3c6bb5b66bbf425192c1187deedc28e391eebf78ecccb2abd590ca01123,1.787290e-05,1,2,1,4.851167e-04,1,1
16233227fcac5b8b6c7fbf96c735aee0cb2c67c9142849044c21aa4255e311db,1.497269e-09,1,4,1,6.639285e-08,1,1
170211c91a70e67992d52c760de3f0052c8c7271bd3c225ef0347245e8517ff6,2.102559e-03,1,1,1,5.708264e-02,0,0
170387e843b6ce23a305391b7a67c564a813ed3305699b547f51d6e263e57c11,1.629123e-05,1,2,1,4.293068e-04,1,1
1747ab3c38d0f4d6747de44f9c462af652142f2fe737c15f50f57862590d6449,1.787290e-05,1,2,1,4.851167e-04,1,1
17a550aac705139fb893390809ea3e44164731b72096a79237990f3e468d2312,4.124516e-07,1,3,1,1.006080e-05,1,1
17b6a8b00018af80bcf9415649d3a88c49648325f86f451e788467ff3c8d4a4d,1.612444e-09,1,4,1,0.000000e+00,0,0
1825f4ab3cb8b3ea50b79afac924f58e6f9fe8e5b95f6a796cb9cfe8d2504350,0.000000e+00,0,,2,8.586137e-04,1,2
182d8d73ffbe1b7b94b49b2b6283d67bf9a4d2e061a0822635b84ab0198edc40,1.787290e-05,1,2,1,4.851167e-04,1,1
18c230bba0c8c83f081d8db0bcd2d818c30a2f2e36e66d521447ea063ab9d459,1.227013e-05,1,2,1,1.006080e-05,1,1
18fba0f139477ae00913da364241139d8a7ec60650980e225458a6592001fada,1.787290e-05,1,2,1,4.851167e-04,1,1
19b94977434e9a30d707e1762bba8f1c08759af358c6936f66b3d65dd5cf2844,1.787290e-05,1,2,1,4.851167e-04,1,1
1a51b77a2bca78019f6bc5d2ef18a001115305572cefbe0a0a69288afe95725e,4.658171e-08,1,3,1,2.191735e-06,1,1
1af77dff62441d31a498db19361427af4cdb56478de0f34153e0c24bbe664b08,7.453073e-06,1,2,1,3.763397e-04,1,2
1b4d814697c847424e43642d9ac34e2d8e21f7be8469d6f6cb518b13418134f6,4.124516e-07,1,3,1,1.006080e-05,1,1
1bfd77012d71f641d914dda82f3edfd7a2fd114a0f45b057b2813e3380ccd792,1.629123e-05,1,2,1,4.293068e-04,1,1
1cb47db191c648ca538db3dffe453b19494d1734b39dbf784ae6dbd47b8851d8,1.192492e-05,1,2,1,2.281690e-04,2,2
1cb8553a2dda05c75a93e41dcc6e55f5b30afaa87fbc3ce647d07947009d2c5b,7.453073e-06,1,2,1,1.881699e-04,1,1
1cb9d9583dee7b96b6b0f1abae3ec9d98acc2405a129ec71634004a1cb511262,7.453073e-06,1,2,1,1.881699e-04,1,1
1d25bf82bd87ca710760c9fae448dde786b1da6b31132bc5c9c948b2eca64189,8.273245e-03,1,1,1,5.708264e-02,0,0
1d9e520f5de3b434d58908cc690712fa13442dfb617ec33de7378605ebb768f6,3.726537e-06,1,2,1,1.881699e-04,1,1
1dea54409bf46791ad2a973b691278ea04c148f5a22fb5b5e0eca1ce8a228436,1.787290e-05,1,2,1,0.000000e+00,0,0
1e12bfd7915eab30d994b93cd7878591db3a4854607273de1614b812b1ed099c,1.629123e-05,1,2,1,4.293068e-04,1,1
1ea04ae2f166d83a7b39cbcd1650ca5a5da32fabb7b93131de19cb98c7d421ed,1.629123e-05,1,2,1,4.293068e-04,1,1
1f290ae9c9e5cf4dfd050f7168c72ac953657bf5fe1ff816801616f65d35a315,1.629123e-05,1,2,1,4.293068e-04,1,1
1f7293794f66a723514f2583ecfba7012b452dc8cdf3fe87063c11c79b46d255,2.329085e-08,1,3,1,2.191735e-06,1,1
1f83fe7cad8bf2c85b8ec792a367e9b3ee82ba3e0a6740d8fff1d8f896ecc0d6,2.096177e-08,1,4,1,1.859000e-06,1,1
201fb116cca8d40efcc75d07c7c2755d9bbc7412f0939b318b61a91ee847c643,1.629123e-05,1,2,1,4.293068e-04,1,1
20890bf1fd58c1cd649a0fbd9f524819b561fde675e6b0a7c26437fdb1abe169,7.453073e-06,1,2,1,1.881699e-04,1,1
20dbc0d17c26f40de77ed99ddb0d8f4b43ff4bbf9db269e12c3624a4a8f0a37d,8.936452e-06,1,2,1,4.851167e-04,1,1
20e6f87a8099c7ab9d65dc3fbf3a292269203faca1d68cd630c691be07c8f152,1.497269e-09,1,4,1,6.639285e-08,1,1
20eb1eeedffdb625a08d06eff726fcf70b7b9500df837e056e4cbad5fe86eb7a,1.629123e-05,1,2,1,4.293068e-04,1,1
2273471a11d90fc3c8987c72a4fe8a29a1e5dc57f980102de7c3b637bccb2c73,7.453073e-06,1,2,1,1.881699e-04,1,1
22ed78d93ed23c8a3a9d24203137bd5b34e51059371f78649f56e883bffbe0a3,7.453073e-06,1,2,1,1.881699e-04,1,1
23008b2f750bba297bd41ba686cf535879d00ce473a4900fb9c577b515b08131,7.453073e-06,1,2,1,1.881699e-04,1,1
2311d514448a6eff9e2f03b63323e68ceec302a8db909935e48734aa63b17956,7.453073e-06,1,2,1,1.881699e-04,1,1
23abb1e61fab1ffdca33f9778d7dc8694d9a356f7e40b1b7810a752c646532ed,8.219084e-03,1,1,1,5.708264e-02,0,0
23b458d0e20f4f58af2cf4bf9f53115a926fcada65b9b917b65ffc99b95c9dad,1.629123e-05,1,2,1,4.293068e-04,1,1
23cd30da5c9ed27d749239041d6cd26b2248d2bf0759ff5011272f762087296f,3.726537e-06,1,2,1,1.881699e-04,1,1
23f64488ac18fe90022030065b0b61e0bcba5e76b3b7bc2fd2e7d2ef726c7b90,3.726537e-06,1,2,1,1.881699e-04,1,1
251f70fbc20c0926415b1eb7151fa81f0b8f85aa6a9ad88d203d4997c24c7d80,1.787290e-05,1,2,1,4.851167e-04,1,1
2521b0b2d58f475b9490de0e47ef63ef7f960ecfe795847c8a894b74d4831e06,7.453073e-06,1,2,1,1.881699e-04,1,1
26068c534812bd2f58dff0205e40fc74c3301d8011e6153801b0a131e4ad42df,1.787290e-05,1,2,1,4.851167e-04,1,1
26cc4e029f90ec89747e3846fd1577572a276a90040a59bc82d4cde4d4e24fc1,1.629123e-05,1,2,1,4.293068e-04,1,1
271c97594c922c8bf755a1f3d037470804d60d80ed7067c1fb416722c2de3a05,1.787290e-05,1,2,1,4.851167e-04,1,1
276dccafc20fbacd5ffb032e20385706ea8f86e42d5876c017e250cf30a37083,2.329085e-08,1,3,1,2.191735e-06,1,1
27b9f209445b87c02e999a334813e99258442390710e69f5c170e28e57e95ea7,1.629123e-05,1,2,1,4.293068e-04,1,1
27e04bc49ce0deffa6889bfc336c863fec39a0e59be2bb8dfbc8eca8a8cf2ab3,1.629123e-05,1,2,1,4.293068e-04,1,1
2839d1e9620f684a0005a0ba80aba764513899c6b25e2c5bfad5a25861ade8ec,1.787290e-05,1,2,1,4.851167e-04,1,1
29cea114fe0e7e4eb5178b6f87af0817024ec541e95b9a24b0e1926d609c1f03,2.484358e-06,1,2,1,3.763397e-04,1,2
2a6683923dcbd9810ef4e5debda8c4152c297b12303e286622bbbb0ed1884384,2.102559e-03,1,1,1,5.708264e-02,0,0
2a800318f12ae4d712e2c96b71bb7bf4f733d6f9940649a2e8445467e334c3ab,1.787290e-05,1,2,1,4.851167e-04,1,1
2a98d17743fa6af5199e3224af0c2f93a262dcc95f71c6df39d3be1303f1df4b,1.629123e-05,1,2,1,4.293068e-04,1,1
2ab0d78ebcd834113e420eb4c558ed0d1d2120ea62cf24c7fddf62d879b33a3d,6.335112e-08,1,3,1,2.329439e-06,2,3
2b406b28434cdc531c7d2e3a9d6e5e96e29ae7a70bb523d8b74e0fc905f262ca,6.707766e-06,1,3,1,1.599966e-04,1,1
2b715c63be1ab4a27d24271cc38b8b27167381ee6c263d307d35dafb28d989d5,1.497269e-09,1,4,1,6.639285e-08,1,1
2c1213f5d346d68ba46c72c50f7349ec381b5b3708aabc912d3b6a1b9acec048,1.863268e-05,1,2,1,3.481665e-04,2,2
2c79957ccb70d044362b1a56823f56f9871c5acd6509685f0815d40a11918443,1.539729e-05,1,2,1,2.012161e-05,1,2
2cebd081cf3c8c6580d9d2f85f7ebac6d31db64bfee9aa60eb96ac9eb5c92136,4.124516e-07,1,3,1,1.006080e-05,1,1
2db4245e00dfe5437be262335c26a4692d6e208d5c29824a2591c469664cf8e9,7.453073e-06,1,2,1,1.881699e-04,1,1
2e298b66815344d020d78b9f11967609a6e0d0022cd9e5c5fc557269fbf74495,1.787290e-05,1,2,1,4.851167e-04,1,1
2ecea2ccffcdeabf6bcf37bd11be97a70ac3d89c7f0f75903e6253270e6357ef,1.676941e-09,1,4,1,6.885185e-08,1,1
2f14a74e52e3d52351527a2d9b0bacfd40eb0ac4d3857ecf31fda153ba0aab94,7.453073e-06,1,2,1,1.881699e-04,1,1
2f385bf963b9d9d0873045cb4f658b0d47b6c2fdbdbb75b47c719f71810bd4ba,1.787290e-05,1,2,1,4.851167e-04,1,1
30abfa52aa65e4ba04c227bb0abd9d5aae0cbfc54f88c7c8cc94d913c342ddb7,7.453073e-06,1,2,1,1.881699e-04,1,1
30cbec4c0c903285bf84e41c5f85e889a1da373f1688b1e5a136123c784d191c,7.453073e-06,1,2,1,1.881699e-04,1,1
3111fc3e5b52b2b856c05c08396295953d0163341deb2d3a867286675e123221,1.629123e-05,1,2,1,4.293068e-04,1,1
319467298c945ef87f44cc75996131f56376218719987883352233b7b13818d1,1.787290e-05,1,2,1,4.851167e-04,1,1
31ac66587dc8ad5e01aba56125dbc7dbf6700869aa8f61f1195fe782769d53c8,7.453073e-05,1,2,1,0.000000e+00,0,0
31ae905ee5f8df8540db6eabc8771b64ee10d02f75ba1542b923baeb1b0a2fdc,7.851053e-06,1,2,1,1.006080e-05,1,1
31f4021432cdca053fd70ec60bbc0d9f59fea961ba711d021c574527df0fec6f,1.676941e-09,1,4,1,6.885185e-08,1,1
324814c8435d2dd10c68db42e7f3a6703a9cc9830a65ee5a7e1cda0800442ea8,6.453602e-07,1,3,1,1.006080e-05,1,1
32e32133165650982dc9b27976b86f651f11e2f6af092b12eee44e13a0f5742e,7.453073e-06,1,2,1,1.881699e-04,1,1
33287ee9ef58c92714736e261007e782882b66513f6a3ddcbc25b91cf2911c65,1.497269e-09,1,4,1,6.639285e-08,1,1
3401f53644df5dec2f5ce2b5fac06745f0bf3fc4bd26605c777ffdd5d44b2744,1.497269e-09,1,4,1,6.639285e-08,1,1
34152fa465c59b829f75b0ad8dbf2882d2501ad6d0d568093a5c85b3a75a8135,4.658171e-08,1,3,1,2.191735e-06,1,1
34316b2ebef9bb94410a569f455c692298682777346cd430041d460b255dd19c,1.787290e-05,1,2,1,4.851167e-04,1,1
345e0873e26dd0b69f04374ecfba94d9ece835079649349462c1bc8b09fda23d,7.453073e-06,1,2,1,1.881699e-04,1,1
34e2f50a336fd7c5c0bd5d5cf3f261118e339f51bcbd784162210d2edf9b22cc,1.676941e-09,1,4,1,6.885185e-08,1,1
353622de6eae0100846c1dcf28919fb4f6014c2825375845288d16bef8b74fad,7.453073e-06,1,2,1,1.881699e-04,1,1
3590696def9fdf3b75d33952817f821461f1b2592d02b82d7c290a572ed6f755,1.629123e-05,1,2,1,4.293068e-04,1,1
36133a6a6c740264d5384d148883b1fd34ee7e34f90bec67b288c6f7dd48242c,1.629123e-05,1,2,1,4.293068e-04,1,1
367a87e34e64c870183b1c2319cb6ccacb39317351edc785eb7318f60e09e786,7.453073e-05,1,2,1,1.881699e-04,1,1
36a549d19759ce09ae6f2793e733236fd8a944587cce493bc7ff614404ccad52,8.936452e-06,1,2,1,4.851167e-04,1,1
36da6b81d88f80d5919b16f2890048f7af192355c3e09077e6ac7d890357996f,7.453073e-06,1,2,1,1.881699e-04,1,1
36df6186c85f3a5fa749cf6ba8de2caf049ce73e5873082863df602eec6c98ed,7.453073e-06,1,2,1,1.881699e-04,1,1
372b245b0f2238260b4b22068e3387fadf2e8231325dd9f4865d5d32737337fd,1.629123e-05,1,2,1,4.293068e-04,1,1
37b5a2e9edb1ee7e07cd02625f761efbc28782c70615343e29217cd7a1501563,7.453073e-06,1,2,1,1.881699e-04,1,1
37de1edca7b9a1efdc25523daac7e1e18e67e503dc9835b915300d760e30ca87,7.453073e-06,1,2,1,1.881699e-04,1,1
38cf9f97a7106bc79fc5ea3a0be1d60d7d827eec11e0a1b09d72820dc551b953,7.453073e-06,1,2,1,1.881699e-04,1,1
391bada170123c265e3390a47983ea9cb07a1d02f07c1e21f02744504d8d7d11,7.453073e-06,1,2,1,1.881699e-04,1,1
39a8777c296f6640299387a673f74456463df4b18742972abe945ec3fd78a257,8.936452e-06,1,2,1,4.851167e-04,1,1
3ab001c55a5e44d3e7c121641b98b49f77598387997d58ea1a20386a638bddb1,4.124516e-07,1,3,1,1.006080e-05,1,1
3abb47a8aa28fa3bdcedff475e62eb72d7bbd74506099408a88a5ac0c5c2d68a,1.629123e-05,1,2,1,4.293068e-04,1,1
3b27554e95b26deedc8e9b5d050f50bf56c56687a46f07ce09883683f292f10a,1.629123e-05,1,2,1,4.293068e-04,1,1
3b9255be93ae0fdb2cc17fe06b7ed6d681d984a78a1a95c04f991d523b46eea3,1.629123e-05,1,2,1,4.293068e-04,1,1
3d9c46703b78d6032d50fccb813044eb54cda29564078e583dd469a51a5a42d6,4.658171e-08,1,3,1,2.191735e-06,1,1
3e4ac6f864b17abe46210989ef22f986833da6fff887285ea23178853af61740,3.726537e-06,1,2,1,0.000000e+00,0,0
3e4bae8d4ce26842f9d4c0dd57080504aefebe09a616fa58f8b6a97eed33c455,7.453073e-06,1,2,1,1.881699e-04,1,1
3e6f7e177a5b9fd0fdbfca5af00dafaa796be67956bae51d5c5b68736efc2922,1.810581e-05,1,2,1,4.851167e-04,1,1
3efccbc3b1dadc578a13ddf7755aa628801be2aab86856ed995911d6f8fb834d,6.453602e-07,1,3,1,1.006080e-05,1,1
3efeb474859273f36e70e451b92729c296e80d287698a490bc24e281f942b631,1.629123e-05,1,2,1,4.293068e-04,1,1
3f0a4a3f2a1472deb134b3a732977ac94ad86ca919c65657b464a04253042d56,7.453073e-06,1,2,1,1.881699e-04,1,1
3f14c97f862d9c95fcd351cc38b2a7e40f8b78f46076b3f7e2c7a99e36320c51,7.453073e-06,1,2,1,1.881699e-04,1,1
3f22d6a2b574fcad4de04dbd1f52e7129cb23ce8f08946f3e1a4cb1b3c83735c,7.453073e-06,1,2,1,1.881699e-04,1,1
3fa23c3ac3003b1a81b7e1e9ce7d28ef6f2e876049433c2edd903cea3ba12b57,4.192354e-08,1,4,1,3.718000e-06,1,1
406a2c59cec6478fce6932c6bf5ffdc87a9d226166c6e875489924b7a71973ca,4.192354e-09,1,4,1,1.859000e-07,1,1
40959324b0ec45269888da1389d1b79673e8cdbf0bfaf52700b8525f63b7559a,1.629123e-05,1,2,1,4.293068e-04,1,1
40cd305a0ca45961c83e831c01af389d58e5856d6a792476f650c9a9f2fb90f0,7.453073e-06,1,2,1,1.881699e-04,1,1
4124244839ef0c4e5f72e2952332ce457b6286414eeff58abf44c66ac72f72ac,2.329085e-08,1,3,1,2.191735e-06,1,1
414af11f5904dd1d2a612afbe90bbe70d81c735a003a0c389c8a875f401ccde5,7.453073e-06,1,2,1,1.881699e-04,1,1
418d5c73282e95c3ffaeb6aadb416ffaa96eadc4ab2b8889cb46a494be33c51f,1.629123e-05,1,2,1,4.293068e-04,1,1
419ff1209c1001aaa8b96f0c3e083759355ef85587cefca0548ab562fb9d3be3,1.629123e-05,1,2,1,4.293068e-04,1,1
424a8065c6f516c5c199c7db8fded04a087ac45c1859b73d553eb9855d121dc0,3.726537e-06,1,2,1,1.881699e-04,1,1
424bdb97bc75c7a6f43f138a7d3cbba494b0427cdde581138e6a0623081a5c2e,7.453073e-06,1,2,1,1.881699e-04,1,1
425733b337bd83616259cdc7aaec66581816734657d3aec18a1435052dac6d5c,7.453073e-06,1,2,1,1.881699e-04,1,1
4321b073907b6e8617e42a1e73a8ade24778e519e650bbaf796c3b77ba6eafff,7.453073e-06,1,2,1,1.881699e-04,1,1
4343921ae382df52759f0270e63f00e2f9a470a1723bc9b5de625d0a7d1de5e6,7.453073e-06,1,2,1,1.881699e-04,1,1
43874600de2f9311f79b643cc6120a238131e75010115bf4d49704a90df45369,7.453073e-06,1,2,1,1.881699e-04,1,1
43bcbf7aee0a5f30e8a65e807236d921caac7fdbb0ed78f42f2452b566d0c133,7.453073e-06,1,2,1,1.881699e-04,1,1
43e03061d68c5883b08b1b2beb04dfc5ad18e8f4c5c2b01d36e2541c14d64ac4,1.787290e-05,1,2,1,4.851167e-04,1,1
44bedca8a7185e9626b5ec6efd08a03c057571a673899213d4eaddb4a213728b,7.453073e-06,1,2,1,1.881699e-04,1,1
45cb6e2f9c187685403cdd960492b721c83d9fe7b14b600cb1c0aec4b9180607,1.497269e-09,1,4,1,6.639285e-08,1,1
461f065cf47f75e55fc1ce3a4a8d1c38f3ccc9db9f0ea301d227f703f6a55707,1.629123e-05,1,2,1,4.293068e-04,1,1
46f8148444431cd166dca9311b35adda19292a72872334e41b6dce601b87956f,7.453073e-06,1,2,1,1.881699e-04,1,1
475e87d790f324a161b03cdcd518bbecb57ea26ee06f0b083212377b507ec537,0.000000e+00,0,,1,0.000000e+00,0,0
47c0a4bac48c889e2dc70678a895e7a53a2531deab2b442f58a79f24aa5c5467,0.000000e+00,0,,2,1.881699e-04,1,1
4849bbb3f067596d4170ff56c28451729c9d9c1ed23337eb8ee8daf533c570f9,4.658171e-08,1,3,1,2.191735e-06,1,1
484f39e42e354fc66fa0281ca4a35688236b3aa92a91626d77158be5cca601fa,7.453073e-06,1,2,1,1.881699e-04,1,1
487b1c24caca453fa65e47b4dfe3e8cc70a39f0d6c8c33042b85a7c155be3805,7.453073e-06,1,2,1,1.881699e-04,1,1
48a79e7f0c68210366bb5e943f7a472f7072d3b852901fb9fd27d0469e2b8533,3.726537e-06,1,2,1,1.881699e-04,1,1
48dcc32b77f32133181072d83900bdc69298eaf47ff7d55d881c22ac6271289d,7.453073e-06,1,2,1,0.000000e+00,0,0
495591c4a4567502ac1d28b00cbc9247f8a0ce0ceb78fed3f5a1f5b880f14ecc,1.608561e-05,1,3,1,4.210255e-04,1,2
4a0bef29147c04b678e9a6190a3a229f63a0e7df00a350c6817b5a848b831b79,1.358323e-06,1,5,1,5.822626e-05,1,1
4a10bb04f9a3d8bd1b31593420f28b2a24fdd293c68e8febc6cb76fdc8140e1f,4.658171e-08,1,3,1,2.191735e-06,1,1
4a95ab7dc3d3e789d75ab332c79cbcbc295f3c1d047e3c2d263706e53af6d69f,4.658171e-08,1,3,1,2.191735e-06,1,1
4ac8d58bee3010b25a61e927f90f9ac67cbe43e1a23d91a0a528423caf5f39b6,1.787290e-05,1,2,1,4.851167e-04,1,1
4b43ae4895f80db4b44326828c9d5e825a135b303f2399ce8ddac8626d0776f8,7.453073e-06,1,2,1,1.881699e-04,1,1
4b67c0b63bb85e4d40e34aaf4bfa5fa2927d9dab074005df7cee19e5ce6db9f1,4.658171e-08,1,3,1,2.191735e-06,1,1
4b6f4bccb479c8bf203b03ddd258c22deacdf8ffec723e3b1f8d59b43dc9483e,1.787290e-05,1,2,1,4.851167e-04,1,1
4b776e5d3b6561c2b5bf3725a18c7ed6960c718cfcb48e3093dc97a9ba8aca83,2.062258e-07,1,3,1,1.006080e-05,1,1
4bd1a375eb7096ff7c3b270e309f2313d6f64b0dbf8ddd7efe97f32002e3e327,7.453073e-06,1,2,1,1.881699e-04,1,1
4c2a948d169f4762af889baf2659f38c1a809fe2070ae6ddf45dd37b5701d568,1.676941e-09,1,4,1,6.885185e-08,1,1
4c34df68d2d2fd551604c0f2fac36cf1343d79102fc3ffbafac2e1304bcb4ab9,1.497269e-09,1,4,1,6.639285e-08,1,1
4c484599315d9267e5920fbe83fd171ed55f1b712a5e71d2a410352862bc2a60,1.629123e-05,1,2,1,4.293068e-04,1,1
4d99abd92f4233597d4c9c1c20ccb50072b87ba8eab3fd5f06ae517432289a81,7.453073e-06,1,2,1,1.881699e-04,1,1
4dc45d6308c56a69f1f9d0656de1edf421c3a6e2330bf25396110355c5412970,4.192354e-09,1,4,1,1.859000e-07,1,1
4de3efd24d921d9559687643dfe344271421eb8d37efba598584daa37cf97973,7.453073e-06,1,2,1,1.881699e-04,1,1
4dff38d0adce78834b9f3e07748fb9a4fe8baba8d6b2a51c59464e0c40878c0e,4.658171e-08,1,3,1,2.191735e-06,1,1
4e44be209457b13a16966e3516a3ca080d61a80a12d4517a89bab1b3e1105f4a,7.453073e-06,1,2,1,1.881699e-04,1,1
4e50ef6da7afe4129e0b91c58ed5a87cdedf757b3235072cc765d52f243f6ae2,4.658171e-08,1,3,1,2.191735e-06,1,1
4ebc8eddb04ab0cf67027a36e68efda0929497b348da5068d0b62a3db0c3c14d,7.453073e-06,1,2,1,3.763397e-04,1,2
4f65039ae62f16d19875b7698e98f67c46b89f2a3ee4b71fa9c057d8f54b6143,7.453073e-06,1,2,1,1.881699e-04,1,1
4f8b3abdef9db39dea4847a4b8fb336512016ef56f7ef12230fc53c0fc571a00,4.658171e-08,1,3,1,2.191735e-06,1,1
4fb78717376c69c68548cbc7606763e3d2fd468779ec94fcc450059360011309,1.676941e-09,1,4,1,6.885185e-08,1,1
4fbed7e12376155d19b2b80cb57d64818a42b244b9cf3858fe7d6161e28fa162,2.484358e-06,1,2,1,1.881699e-04,1,1
4feaa12c46174757e9ef05a4574740989166cdba09e9c94507547b61f92a2e9b,7.453073e-06,1,2,1,1.881699e-04,1,1
5008809d4c3578fae75b18162ceba4e5b1e5a1cd5bd4ce6742d7898da02a0cef,1.787290e-05,1,2,1,9.702335e-04,1,2
50254a090a5c8db89c8b0a351b44ddcfdea2dcbc5d5088a0b0a467e3b883ba5c,3.974972e-06,1,2,1,1.881699e-04,1,1
50c16e99abdfc91d24c96a4932a98f0efcb4c812b511987fafb9a56d104a70fb,1.192492e-05,1,2,1,2.281690e-04,2,2
5168f7fd6cd3179998da445ce920c0d26e87dea29c05bfceedd11a55a5f822a9,7.453073e-06,1,2,1,1.881699e-04,1,1
5179400dd8770d37aee1b690a1860c3b80aa4967c1341a372fbd9360498517d9,7.453073e-06,1,2,1,1.881699e-04,1,1
517ece5201c56ff2d5312c904cf18ce6a799ae85855e583e26b091a081aa19b3,7.453073e-06,1,2,1,1.881699e-04,1,1
52236a971096a6712551926948e2d59d6263b8e162191484d1b922af4007bef0,4.658171e-08,1,3,1,2.191735e-06,1,1
528a94bd466db1d3b5529a9c570609d1857f3ad39e221f3c86b4a4522b2481f7,2.235922e-06,1,3,1,1.599966e-04,1,1
530c59b4106131ebd2c3949de1ece8207d3565dd9a63e8dd0855a31d991fdcdc,7.453073e-06,1,2,1,1.881699e-04,1,1
533ece02e4fb390295d1ccedc6a5b8138b5bb35dbe180f4a8864eda78c9d2b89,7.453073e-06,1,2,1,3.763397e-04,1,2
534480ed913eb3313d283e3880834fa5f834f9e52671d287cbd8193ea6ef0a6e,7.453073e-06,1,2,1,1.881699e-04,1,1
536a48a6096602a486cf2d253d0299281e931c0dbdf5984fe4f6648e4712b398,4.658171e-08,1,3,1,2.191735e-06,1,1
53e25171e0272ef64a52608f6be6b493a649d1bb5d326acb856fa4dcd7fbf9c7,1.787290e-05,1,2,1,4.851167e-04,1,1
543c386a1c7b571186d1b8fae2ba4bbe9c50a87e756aa0ec44c7a268c0ca4538,1.629123e-05,1,2,1,4.293068e-04,1,1
544312cb0959fd92ac22dcf45c2d550973f42abc5944d80a493a22122c44cff8,7.453073e-06,1,2,1,1.881699e-04,1,1
546d451bb4e1fb90c488a273a4274c190b79a5c30abf3358bcc9e4b0b1f9a8db,7.883058e-08,1,3,1,2.334735e-06,2,2
5480c93ca52c106b948aec6cfcf62385883e691c460d89d1924204bba3711fc4,7.453073e-06,1,2,1,1.881699e-04,1,1
548ef3154395ee70646d4b17191e0197ea9a233c36d7d5e97c1189af919c61e0,7.453073e-06,1,2,1,0.000000e+00,0,0
561d362bc0628cf5bac50a0e53c338505c6a7979eed5ac64073db59a107da38e,1.497269e-09,1,4,1,6.639285e-08,1,1
562a5fa0e79874c0a80d06292ceb3ef67870c07d95958a03b5db435d4322b2ea,1.676941e-06,1,3,1,7.999832e-05,1,1
5651747a182fc64d48a47e34637d8c1e7380863c6df3015e1c015b1df2ad1655,7.453073e-06,1,2,1,0.000000e+00,0,0
56a46c9aa03a0e0584153c4e1824e421696e51fc006bd1d7d9e0acfc402ebb89,4.658171e-08,1,3,1,2.191735e-06,1,1
5721e9fcbac697b066605c643b21ee28b1a6c506e39e4322ab9e79c02184b204,7.453073e-06,1,2,1,1.881699e-04,1,1
57b4d129780c0f206ff519e5f6de471a244526e472e2d5f4c16afdcddcd9eca4,4.658171e-08,1,3,1,2.191735e-06,1,1
57e8904f861fdab97ab99351a8e5923553ca1ee7aca63dfea631f2447530ae7e,1.629123e-05,1,2,1,4.293068e-04,1,1
58607c2c4bac0d5a5ca8f1ac1da0a46878ac9c1cc3f23b993b0f8bac43792e41,1.787290e-05,1,2,1,4.851167e-04,1,1
5894b0187f227faebc48fe699f48a8941cf58909e29ae08372d429ee6c22a629,7.453073e-06,1,2,1,1.881699e-04,1,1
59b4373725ec3293045664ae1e1987c9d19210f545dd4cb1cda6a5f12dd09573,7.453073e-06,1,2,1,1.881699e-04,1,1
59bf05da039051de4ce3473c051a82e750710c5ad4381a5d752aeb8f941a9093,1.787290e-05,1,2,1,4.851167e-04,1,1
59c6dc8d504e3bae2fdd27f3047badd43ae56a34d81ef25873f4d94a1d1015a1,7.453073e-06,1,2,1,1.881699e-04,1,1
5a27c3949db6a40aa3be8055405998d13f5e93f6d493769acd24cf5a4f6cf0b0,1.787290e-05,1,2,1,4.851167e-04,1,1
5a700911fb3a42b9338157aeaf1f17de7009231039faf4a512db081d2b2a2a15,7.851053e-06,1,2,1,1.006080e-05,1,1
5a8e36ef2590d258662e86d95124f0312e3856dd40ce3ebea248205a7afc8c83,7.453073e-06,1,2,1,1.881699e-04,1,1
5b6ffa611d136cfb51227ba26bed781139c443136af35cbfead42dabffdb469b,4.658171e-08,1,3,1,2.191735e-06,1,1
5c31060ccd6e53acf89c6dc8b7539162fd9b68ec2ec83f2f37f7e421dd0f33a0,4.658171e-08,1,3,1,2.191735e-06,1,1
5c4c0a20ad7c9354b296f73eb3fd0854622360a046678f6d6a0e46b0dd6bfefb,7.453073e-06,1,2,1,1.881699e-04,1,1
5c50bafe6a5ec38af2895239192ab05401a8cacc79c5865ca5f2e3fa087eab58,1.787290e-05,1,2,1,4.851167e-04,1,1
5c7d6710cf25929f3563f68e3b07f059bc533ec61348a1a08cf3f845954b52a2,1.787290e-05,1,2,1,4.851167e-04,1,1
5cb8ff20ee3bf54357136b346c3ef139087beab265fccf5d344ada0d171d6f90,1.629123e-05,1,2,1,4.293068e-04,1,1
5cfc0fe7c11ed63621c3e981f99b3b285f203a3c836eb5c1f86b461e2fa4b9f2,4.658171e-08,1,3,1,2.191735e-06,1,1
5d28aba3f14af4d153367b17aa81fc7d2f7d800dbb9f97e89bc3ae5b14c53152,1.497269e-09,1,4,1,6.639285e-08,1,1
5d47f63a222b6286f180d818bf7ee09766e12b09b5105dac061f9b00a9051303,4.124516e-07,1,3,1,1.006080e-05,1,1
5d4c28e05ef4ec40e52bc7d55ebe5f18baa15759c6523a2c3333aa00020638f7,1.787290e-05,1,2,1,4.851167e-04,1,1
5d544ece122bfebe231c99b49e166ea81f813425b1ded455d04ec4978514cf71,7.453073e-06,1,2,1,3.763397e-04,1,2
5dcb801504f2d0bc7525b3abfa166c58240c40e31f9bcfb1f1c044fd3c651b36,7.453073e-06,1,2,1,1.881699e-04,1,1
5de864c88d4bec3f26dc18782c97d56425b82783cbab419805de4133e8edbc43,7.453073e-06,1,2,1,1.881699e-04,1,1
5dee33d393144a7792691f18360f8b54ea119ed5306636c077fe2681d9dead14,3.224887e-09,1,4,1,1.430000e-07,1,1
5e65905f5e0d7d2f9f197c7ed00b4f1a5fc256fa12ea34094bc86adb3272ed4c,7.453073e-06,1,2,1,1.881699e-04,1,1
5fbd0ab4b5f42d1d678bfb7845aa6a7910412931c2ca8507e10cc5decac04d67,1.787290e-05,1,2,1,4.851167e-04,1,1
5ff07526ae63e369fc6ea3725db9db431e5e2f15aa7833e657a7536383824dd4,7.453073e-06,1,2,1,1.881699e-04,1,1
612ab5ede526aa9d23578946cc43976db597691427e33cd50297d9656625f32e,1.787290e-05,1,2,1,4.851167e-04,1,1
612d3d17962193d2d52f1e7a49344e41b62641b543cbe73941ba9ac7038fd599,1.787290e-05,1,2,1,4.851167e-04,1,1
61484eb2470e5eec0d82447b62106bf068427d32b691ec9782dbdc57556ceaa1,1.497269e-09,1,4,1,6.639285e-08,1,1
61a7253bcb26dd639621f792ea9e6818d1ff0a3db7a5f57f059c97f0490912fc,1.629123e-05,1,2,1,4.293068e-04,1,1
61c4f935521dc61e215a31a7fc5bf2f83c23490088d3eb86d34344d427c61dbd,2.031679e-08,1,4,1,1.430000e-07,1,1
627875af5615538cbfd8fe88dfc3e6f28ea449fbd5434f87f1cc8af77887f574,1.658974e-08,1,4,1,1.824487e-07,2,3
62d7cff625b899b4bab3d2b46a0d6a337d6f2938386fc9dcc717e723a98dfad7,7.453073e-06,1,2,1,1.881699e-04,1,1
62fb1f81711e42b9ef22b446895fd6c52ff1bb084f453eae7a8857ff98290800,1.629123e-05,1,2,1,4.293068e-04,1,1
63a64a0a0d855fc5db6f592415241a2292cda16a34f5dc31c1833749f1b8ba2c,1.787290e-05,1,2,1,4.851167e-04,1,1
63bde66e0b25745279315a5d7a3d3a6e0425469ca6e294419083d6cb72720856,4.658171e-08,1,3,1,2.191735e-06,1,1
65063c29aca3021361d2f408f25b9f1cc3521b87a6be66df9d1a3acd15d7d42d,2.484358e-06,1,2,1,1.881699e-04,1,1
6523bc661a75c56c5798282709c5c0527a0c26e08c39080c564bc701e123f07c,7.453073e-06,1,2,1,1.881699e-04,1,1
65678d890126c7f33f1f3fa3ab675e19f0826d7bd1d82bab9882a29e9633cd97,7.453073e-06,1,2,1,0.000000e+00,0,0
658e67630b34eae8630d93a0393a69001ddf5ec2961ad752d5a4aaabb344e86e,1.629123e-05,1,2,1,4.293068e-04,1,1
66e8d7e87f2033c35936c60044f89da4bf590b4b939c609864f84905d3cebee4,4.658171e-08,1,3,1,2.191735e-06,1,1
6707d535238b82b3cc0fa4fac9a4c3f903b20041f16b51dddaf2c8c36f5c4b5d,7.453073e-06,1,2,1,1.881699e-04,1,1
67a2ccfcd0653ac0ed0aeeea9019a3bf92a67120b45087c3734a653466180b2b,7.453073e-06,1,2,1,1.881699e-04,1,1
67f0dec3a80dae6f6d2a537458da7076d7ef1c36f20af1075ad903be1fa54db9,1.629123e-05,1,2,1,4.293068e-04,1,1
6814fc5af698180acfbb3f56a1fc5a4f420e0949f8a9f1a3e1493235cd8c2f64,1.497269e-09,1,4,1,6.639285e-08,1,1
6950d8fe56437b08a019437054f7c3244852b22977c5ba8352ab4b07e65606dc,4.658171e-08,1,3,1,2.191735e-06,1,1
69959c0fec9f39958be9bae11ca7a3dc81ef3966d860e9596c9f344981c3e7cb,2.096177e-08,1,4,1,1.859000e-06,1,1
699c59ea757a3fe4ef9ab948e161697c2051e488997fc0b9f04345b1b84b3848,2.454545e-03,1,2,1,1.617056e-02,1,1
69ddab7adba27947a2d6e3fb6a0b42ee6ba1f0219b64e9e32314edea866bdac3,1.497269e-09,1,4,1,6.639285e-08,1,1
69e6d4aa6000dce1b2e226c7e7ecef0037dc804a012f1162610e837aa3ca4f73,3.726537e-06,1,2,1,1.881699e-04,1,1
6a563672ca39b8a5c018784b5d9960e863616d12a827e4ba2d5b299a89c1138f,9.240364e-05,1,2,1,1.881699e-04,1,1
6b057b8a8316667ebc241813fb9d91479f6eeffd68da58cd59107baf0b36e4db,1.629123e-05,1,2,1,4.293068e-04,1,1
6b4a0bcc1ccfbdd49a83493a6de3e34a3c4f4ca1a0c1fc784847527a8c3cf0df,6.453602e-07,1,3,1,1.006080e-05,1,1
6c1e0fa7cfa67704f3d84cd42a62c701691923f0db4d1ee92c7dde6e77d6c4a8,7.453073e-06,1,2,1,1.881699e-04,1,1
6c5336f93080bc466e6c327479e18313366fc8911cbeb8558d7569050293429a,1.676941e-09,1,4,1,6.885185e-08,1,1
6c6ab2fb13ca77f4fe01044fac16f746c824fb95dbbb574812f77475a5704f7c,1.787290e-05,1,2,1,4.851167e-04,1,1
6d036088bae3699dab6691dadb188a09556512377d47be7901d617069ef0bc67,7.453073e-06,1,2,1,1.881699e-04,1,1
6d0e758773bf1d5cc965045c854c6cac92857063994d51bc58e54798e4deaa8a,7.453073e-06,1,2,1,1.881699e-04,1,1
6d311be9c2e583e12bdc9521625fe03a18a7d3066c35f6a7d8f22065cd7dc0fa,1.787290e-05,1,2,1,0.000000e+00,0,0
6e915b7c45cc46aba811b5c5f8bdc6cbb5dded88db6de1de07689b08f41b4ecd,7.453073e-06,1,2,1,1.881699e-04,1,1
6faeb32df85f1fba86d376b4166740e0b0621ee0a066d181ebfe217861843730,1.787290e-05,1,2,1,4.851167e-04,1,1
6fbcd4bb7c424c11afa9ff00ae6bcc055ff85be619e80e1af0ea034fcd7fbc72,1.497269e-09,1,4,1,6.639285e-08,1,1
716829d45fdbbcff2a1167fe68b0fbbdc3d246ecb70175d27c0d6605bbf5f0ab,1.608561e-05,1,3,1,4.124929e-04,1,1
7279f45ef80d6320f6138e4594a785bfed2fc58c7d1cf5fbf59f8bd1ac6fa1b6,1.629123e-05,1,2,1,4.293068e-04,1,1
72baa3c9a61abc0bcd98b4291a984c567b8a9e1d2827a032dea5379c5af7ba3d,4.124516e-07,1,3,1,1.006080e-05,1,1
72c51d80c602d834e4fab237fb4909319608d6674572c299dad3a52f70c7402a,6.335112e-08,1,3,1,2.260587e-06,2,2
72d96d3b96454ec19ee68aa2ae9325e8a9cd0aa86dd1b7841240052b85be5403,7.453073e-06,1,2,1,1.881699e-04,1,1
7334fd9f5625efdf4b4321ea36363bb273968df9d12554fb2e945c8e628648b5,4.124516e-07,1,3,1,1.006080e-05,1,1
7387895b83e69cc3d2f75e05f4ab3805a4a2f8269ae08bd9853c875096d2c096,0.000000e+00,0,,1,0.000000e+00,0,0
73887674ec3624069c39b91c18d70a49d57fb39adbb9e4fe86bd52247df0db62,7.453073e-06,1,2,1,1.881699e-04,1,1
73c678048e32115d2712f648a71c75efc90b6564dd8d114ea34c45075e5bab30,1.629123e-05,1,2,1,4.293068e-04,1,1
7414a492b7c004ce41f90ac6b3062de574fe321f2e57fff9c41c2baf7b2f98b1,7.453073e-06,1,2,1,1.900289e-04,2,2
74215c73878a76661d94668b23e9f7469ccf4f54dfc9c1a810a4ef865f3055dd,1.629123e-05,1,2,1,4.293068e-04,1,1
74690f1437531d62e8eddaa8554e0e6563886ee5888720a3301e2050cbfc0e02,3.224887e-09,1,4,1,1.430000e-07,1,1
747a365a284d74618ea44832f4eb589ed0633f5a37e7fb62cf4f6f3a785023ed,4.658171e-08,1,3,1,2.191735e-06,1,1
74c7ed12e4036adeb97ff2dce183e064a653aa065568fdd4130520f8e6e53508,3.726537e-06,1,2,1,1.881699e-04,1,1
768f95dbc5cbca1a9c8030fc89aebd88bdf8e51f2f01f5bd64575f6b33eef449,7.453073e-06,1,2,1,1.881699e-04,1,1
771b6318023ab026e20c34584afbaee79eaaf77834ce2434bc47e4f13322a921,7.453073e-06,1,2,1,1.881699e-04,1,1
782f0ec3c5405fc372e427e52730cb7fce0f1471b3d16e5ca21c681187500364,1.629123e-05,1,2,1,4.293068e-04,1,1
78981294c0ff82b244a039852a723b47db3a99178c256e69a672b7fbaff819f7,1.497269e-09,1,4,1,6.639285e-08,1,1
78d457d8908938d5148365b88c62fe179a65701341bb8ba4bd95ba55a13cda98,1.787290e-05,1,2,1,4.851167e-04,1,1
78fe1c79f6693cdf2153f6571711c997636fbd989d2ff8d9d48caf954bb50a69,7.453073e-06,1,2,1,1.881699e-04,1,1
79af352398da1900738659aef17fd68fe36f510e1bb02c2d455e438aa2b326dd,7.453073e-06,1,2,1,9.408493e-04,1,5
79ea0dfd8e0b8e314d890d14074de70158ccde069fa4176f1610aea04f5d0b1e,8.145615e-06,1,2,1,4.293068e-04,1,1
7a6dd0d5184e688f39d8c0885a088a40f68d38c33ca867761f6629fef682c9f6,7.453073e-06,1,2,1,1.881699e-04,1,1
7ae6af0801fba94141b3f88103b2871c86179e10928579879dde65e1a4b9aa4d,1.629123e-05,1,2,1,4.293068e-04,1,1
7afc9a59b89367bc2a8b77f9b7a93661e217be94d1b6d54560bfcf2001897a8f,1.629123e-05,1,2,1,4.293068e-04,1,1
7bc520f8d95ee0b26f70cc0d255dae13947386cc166734948ae4112a3d420e46,1.787290e-05,1,2,1,4.851167e-04,1,1
7c320518a19bca0391147bb17ab13f327a530576279995f337d2b9d5da1b0b1b,4.471844e-07,1,3,1,3.999916e-05,1,1
7d6c6db5aac176e532e08a5287b5d03691c60a89c3bac5c9370af407c451abeb,1.497269e-09,1,4,1,6.639285e-08,1,1
7e32dd9a2b902fe38f56c5dab07d4a0ab43f15f30e490081d17c7da1709ac46c,7.453073e-06,1,2,1,1.881699e-04,1,1
7e4175445d9f6b2e8687eafad95c13e7339fd2a780768f14dc550b6ff7eeb6d9,7.453073e-06,1,2,1,1.881699e-04,1,1
7ee10c47d518d8416d825e53c08f824bd86c0f779a380fcd51b2193ffa032eb1,1.787290e-05,1,2,1,4.851167e-04,1,1
7f32941266efca36a04f375fc87dc1fd4a73b338fa93cbe68299e73e6b0b5c10,1.097031e-04,1,2,1,6.232302e-04,2,2
7fd538b14c3154e16f206f97571286d901c769827300d5301fbce64b0b2b4d8b,4.658171e-08,1,3,1,2.191735e-06,1,1
7fd7bd41deeb7655b3c36e1e66bb3fa143453067643b1ccead46fd72b319da35,1.629123e-05,1,2,1,4.293068e-04,1,1
7ff805b041fd4efcabfa3055e2fd18aa55b1029615e0a6fffd7965401e754da4,1.787290e-05,1,2,1,4.851167e-04,1,1
80adc12a8eb01aef21eb08d03fed19af49b87dfc9a95c22edf7f67b2c5fdbd33,7.453073e-06,1,2,1,1.881699e-04,1,1
80d8c9eff8178fcd42f8e16dfe16952c54ef894caf6736d00b85dc5123e6e4a2,7.453073e-06,1,2,1,1.881699e-04,1,1
80ddbbb444ce5b196fc8aba73082d7e765e517403805a6095ce4a19aa3a2822b,1.629123e-05,1,2,1,4.293068e-04,1,1
816e03e07a915c90582b89cb4830e7f44c330361674220684c716992db447d6b,3.726537e-06,1,2,1,1.881699e-04,1,1
82225a7e51edd18a531e190f736b7b5363223e543d3861039329cb2d855f4d32,4.124516e-07,1,3,1,1.006080e-05,1,1
82cd01d9fb24d2c080d723420f45e8b418ba73567047a3c578e20686732e6e10,1.787290e-05,1,2,1,4.851167e-04,1,1
82eee708ee276170f627c704a0e5a6edca28a1697545130ae0641f30039a2d76,1.856032e-07,1,4,1,4.266277e-06,1,1
841518c207a5f963d590fe59cd22bbed99cb36afe23a3300df097fb864b5a471,1.676941e-09,1,4,1,6.885185e-08,1,1
841a71a6c065f274e2628d762e082594ef21d57024fa168a6161207692852c8f,3.224887e-09,1,4,1,1.430000e-07,1,1
8435276e2c775158820a4f4518293def64ba2127d108b1054dd4681d6129a344,8.181818e-03,1,1,1,5.708264e-02,0,0
843971be076356a5632f0e53aeb142a3c707284ba3f9cd9fa342d63cbce10fb3,7.453073e-06,1,2,1,1.881699e-04,1,1
844da9b977d883c47d144689d9679633198e91810a4ac407c9cf170ce65610a9,4.658171e-08,1,3,1,2.191735e-06,1,1
8477e58e7fb06ee94bf85b0b50d2c2d5720d8f0a13e95c1d989adc86436b1d56,1.629123e-05,1,2,1,4.293068e-04,1,1
84a9496dfe533ca792f0b73d95ee3d9b3fbbe50703fd74fc1eb8b22b10af7a37,1.629123e-05,1,2,1,4.293068e-04,1,1
84ef20c06a9868ecc2f08477af83365674b819818800e9642627995cacdb0d81,4.658171e-08,1,3,1,0.000000e+00,0,0
854a7efe1412794e6492f1444c36ef88a0779e4551ebf8f1bb9750652500bf99,1.629123e-05,1,2,1,4.293068e-04,1,1
85aa0a761aea90c543868d5aaa0cda442d64a663b0b58f8d8042ce3d7d222d0e,8.181818e-03,1,1,1,5.708264e-02,0,0
860806b728520a114f1d86b1ea43c6cc554f42bc474b2dad2ca02f0965dfb015,3.726537e-06,1,2,1,1.881699e-04,1,1
862fcd619d6142a2e44b258a13938fa6ccb25e61699fd2fe36a350396c5cc442,4.124516e-07,1,3,1,1.006080e-05,1,1
8641366d2435d6a7fdad2842ef34de34da2d01fcf540c5cbb0c8d8f61caa8320,7.453073e-06,1,2,1,1.881699e-04,1,1
86aa191ce893dc82b4a03da181eb1c26eed24351a2d40883fa15f8ea81eb0130,4.124516e-07,1,3,1,1.006080e-05,1,1
86c156551275b3f16fb4a3076e55195c531f61c44ad9d939e8b19e42473229d7,4.658171e-08,1,3,1,2.191735e-06,1,1
874c51f4ddafa9e058dc57d53d0d860c2b1443af6c1f6842521db8ae4a35a423,1.787290e-05,1,2,1,4.851167e-04,1,1
886be35bb979db830977ba21cb4e70c7e666f1d9ae7c85065f657f863e0e0801,2.329085e-08,1,3,1,2.191735e-06,1,1
893d0cee441fb4095d30875f7dadef5a0881d4754cd574bbead53b4cb96e1666,4.658171e-08,1,3,1,2.191735e-06,1,1
89c43e568e02d1a379f8f7d6a84ab13dcbc378c8e363e15d06d09be43aebb219,1.629123e-05,1,2,1,4.293068e-04,1,1
8a14c8507cfc811e754ce5ae12c100dec56c4f9dfdfdd001329061c5a6dd13c1,1.787290e-05,1,2,1,4.851167e-04,1,1
8a5803a3adb03aafa3bd6237ff334ff178874a074ea8cd0ff95dffeb526eb8bd,7.851053e-06,1,2,1,1.006080e-05,1,1
8b3c85219029a8cc356cf17e1279a0b6677fc1f19bdf1cad3f49cc1566cb79cb,7.453073e-06,1,2,1,1.881699e-04,1,1
8b6f45600e9b0fe59122e2ff1efd595824691ae64d4334dc9fffaaa52d99601f,3.464232e-05,1,2,1,0.000000e+00,0,0
8b9d0cbb53b7761d6134f6aef7e04dfb72f9bb87f7ab9ce74c29e48240030b73,4.099190e-05,1,2,1,5.363364e-04,2,3
8c2c82b2dca3e3176dadf46ba3579f6e37ca39eae338dd690a24c9ed6e77741a,1.727334e-04,1,2,1,5.893035e-04,2,4
8db780d40170debe580161a12bc47a0c88559f6bc4706a18ce77b91c406ddfe8,7.453073e-06,1,2,1,1.881699e-04,1,1
8dca88b8a3fd614996e151d2ce32d44a04a7bc049a26cdf157f3e696264ab451,7.453073e-06,1,2,1,0.000000e+00,0,0
8df8471a8376495013d127850ef518f3071698b6763303fbd622d5949fbc88ce,6.453602e-07,1,3,1,1.006080e-05,1,1
8e325b2368abf77eb3926f965b0f47e71748b0df9f45348b0bb07a2a51874d0f,4.658171e-08,1,3,1,2.191735e-06,1,1
8ee553504450181254e17d26d3b1f62a14728d930fdbb683443a1f3d56ab432c,7.453073e-06,1,2,1,1.881699e-04,1,1
8f5e19d08fa86f25519bb81eb1dfb481ce1d1a5028c2537b905511e1f43b1633,4.658171e-08,1,3,1,2.191735e-06,1,1
8f89506a3e0fdabf8bb464c8503117c699b45d2d9ace315428cb5f9f10878bb7,1.787290e-05,1,2,1,4.851167e-04,1,1
8fa6ddd8e39dfb0bd0436a398efb5e0314affee4b480daa5f1069553b6c13426,3.726537e-06,1,2,1,1.881699e-04,1,1
9004401473033135c15c531c9f5be00931b43f97091b43445e147433fda9d86c,1.787290e-05,1,2,1,0.000000e+00,0,0
906ce21d73b20a823cc38fbec26f797903037a1e84e31d016545c9e646d0475e,1.787290e-05,1,2,1,4.851167e-04,1,1
9079a9dd4ec4b503e265bada9c4cf5be64eca459bad221da3fa9cdf92839e07a,1.629123e-05,1,2,1,4.293068e-04,1,1
90aead241b725395853da3b65aff0d30176bdf3b32a5bafa4087f4184e294ad2,4.192354e-09,1,4,1,1.859000e-07,1,1
90dd98cf1d1ae0f3acb4e12c674a37af975d33b48f660d1423f854d8fe2047b0,1.629123e-05,1,2,1,4.293068e-04,1,1
91bd37bf349f2672f61ef628549895637b1bc1ea3d5a3eaa5aed81a446919243,4.192354e-09,1,4,1,1.859000e-07,1,1
91efb50a213113e0dfdab8ebce41338ba5b4ee2700180f11509a4a2a2e7b8b24,7.453073e-06,1,2,1,1.881699e-04,1,1
9218806b411b6814bce184f55b35a091740bc8c3b39b854edff0a6443940a70c,7.453073e-06,1,2,1,1.881699e-04,1,1
92afb8f5a46778bc94221fdcbcc7b79073230b228055a7ae2d0f95874b397797,3.224887e-09,1,4,1,1.430000e-07,1,1
92faf3dec9601bfe15c93bf9e750175a06f01be844df4d8ee69e4a92430f0795,7.453073e-06,1,2,1,1.881699e-04,1,1
93116574983cd2cd4eaa0f81d538cb56f80e7980dca3d5d4adbbaa5dd0023e76,4.099190e-05,1,2,1,3.481665e-04,2,2
9347141bd63a63b4efb36f436434ef56ac4ac1d5536b61becc85127e5039f568,7.453073e-06,1,2,1,1.881699e-04,1,1
940369c7ca11ccdc6aa2af22da735410ec8fbdee819eb78f7a66259433e07aad,1.629123e-05,1,2,1,8.586137e-04,1,2
946f5c3989dbe423906b5134ab644760d1b4a425224e979b3acaa304a83ef12f,7.453073e-06,1,2,1,1.881699e-04,1,1
947c90c317ff5467845ed2da0c4b4b347ea13c37dbe75ab6e41c39dc507a7973,1.629123e-05,1,2,1,4.293068e-04,1,1
94c7a48c68bf9c32fbb7494a744dca3c69337520cc39b41b2c708852735b4b51,3.224887e-09,1,4,1,1.430000e-07,1,1
94d892efb0199e667aa3088870e55b2940b000f6ea484fee783d56bd4ba55fdd,4.099190e-05,1,2,1,1.881699e-04,2,2
95080f6d974f88c09c95ebe8fb52bda535b1227e0e7d0e525ad770c7c0af57eb,1.676941e-09,1,4,1,6.885185e-08,1,1
953469965fc2fe7279505cf03bf128b79fd350d1706d163dd7c59a850f2f8211,1.787290e-05,1,2,1,4.851167e-04,1,1
954bb292601707032e258bf0d090bd732939d076a33ff3efdc022454ae9688e8,3.726537e-06,1,2,1,0.000000e+00,0,0
9607f1ce37756c4e246d8a4d93de830380983c955be8793f84845cf46978dacc,4.658171e-08,1,3,1,2.191735e-06,1,1
96aa2dba1ca89797e87c58738d2d1c0745b4802b401c15a48cd0f8c5cd28c07a,7.453073e-06,1,2,1,1.881699e-04,1,1
96d2bef3b3c2184ac66af840c790eec249a3d2e41e5dc90ef599852f90d1c6dc,1.629123e-05,1,2,1,4.293068e-04,1,1
96f3f34ea4c7b29e9c184cb5b8ff566d213790bca948288edaede33ed49b255b,1.629123e-05,1,2,1,4.293068e-04,1,1
972b0f84ecd5bc5760a1e0f0dccd9948f9769b2e29987ae3596d44eac00023e0,7.453073e-06,1,2,1,1.881699e-04,1,1
97f1567b01f1501f6a37426d4c9141964b0095908eb43bde1475a90fab1ff77a,2.468831e-06,1,3,1,2.191735e-06,1,1
985e6a4179a7a9ecc5c5e0e3d25a276f5576282f6b940b4291dacd89b59ed5c4,7.453073e-06,1,2,1,1.881699e-04,1,1
9895466fd62dda7bbf96ebe6e328a11f6d1091c6068c5673dd38ab1ad581ac9a,1.629123e-05,1,2,1,4.293068e-04,1,1
99704f70c1197c1449b842384681a67dab466c873910c04a7b44f72d746fac52,1.629123e-05,1,2,1,4.293068e-04,1,1
9abe3d92aad43c28106760bf0eb62b89c1663b6200fd7df6ee5083210bafee9d,4.658171e-08,1,3,1,2.191735e-06,1,1
9ad73caf1e401bb4192349af7f3b9136700577fa5c072d5dce64625fe95a2d26,4.192354e-09,1,4,1,1.859000e-07,1,1
9af128535979c7fcb5f3a1f7a3a5408791e3cfd321d3b8b5caee4d513da76039,4.658171e-08,1,3,1,4.383470e-06,1,2
9b0bc31baf4e5c607c727ab4dcf0fc3f606fb51450c8757c9dde7404e8f33f9b,8.384707e-07,1,3,1,3.999916e-05,1,1
9b337643e8e07be41ec609383832348bcad84892209ac8f94add72b51309b3e9,4.658171e-08,1,3,1,2.191735e-06,1,1
9b8779810cad8679bb6ae50dd7f104da96acff6af77df42274026284f44febbe,7.453073e-06,1,2,1,0.000000e+00,0,0
9b9e45b73fa7a4ad7c840e67eded87464a21c22c1d0e6637f4870602a18e66db,2.329085e-08,1,3,1,2.191735e-06,1,1
9bda128045bbb61aa80598c39dffa126f16d4d59d8f18b5b36ccee455ebe334b,7.453073e-06,1,2,1,1.881699e-04,1,1
9c4bb72179ebbddf2d09c1f4d0c9d154d800be848dc77699cd87a47f88551d64,7.453073e-06,1,2,1,1.881699e-04,1,1
9c52c2df5503dd424c8dd372690da87846b32e518c070855e2d042aca9ca8c6a,1.676941e-09,1,4,1,6.885185e-08,1,1
9c896e723100ef3423d6b88ee4b9f85135fe22e5e137d240678b7de02d59eb99,1.629123e-05,1,2,1,4.293068e-04,1,1
9cff9c3fd150ad8ebccb66b6de97c43495fee04d9c3d5735afea9160b894c00f,1.629123e-05,1,2,1,4.293068e-04,1,1
9d0e96c24d2ba4ded72982db47c08fb473aa82964935ba91ed49c758adb32b1b,7.453073e-06,1,2,1,1.881699e-04,1,1
9d36ea2041853baaa6ac372849a66c199d4785957b691a645327ba87858330fa,5.513827e-05,1,2,1,4.851167e-04,1,1
9d3d496fb2b127eee4f26f9bd66188c5f27f1915fbe8f05b99628a31c478aa1f,1.787290e-05,1,2,1,4.851167e-04,1,1
9d8d349ec0fc2de2ef4306bdeddc2a2f346dc1e8be3d8bfec9297a0d7fbf2830,7.453073e-06,1,2,1,1.881699e-04,1,1
9dcb36d47a11fb22589329b03b674b06e66c199cac2ec4192b7c64d35cd011f3,7.453073e-06,1,2,1,1.881699e-04,1,1
9dfc0d9aa1149e234a36e0e5f514ad02b1d3dae93df4a81e3797a3eb7dc31b3c,1.629123e-05,1,2,1,4.293068e-04,1,1
9eed68f595e43007d16c700ad76bc5d92ba3f39e2ee1b2af3809c0c789e11cdc,7.453073e-06,1,2,1,1.881699e-04,1,1
9f519aafa3a563dc12edb7792a27c02e85ce7929339167d3d2305f5a0a689e31,1.629123e-05,1,2,1,4.293068e-04,1,1
9f60c6947e0841dd9387de3db2b5c40caa295b257f70904e6b2b08327dfc8abd,7.453073e-06,1,2,1,1.881699e-04,1,1
9f7377cd3b64fcde2f529d75935d483793a9a0558b1c83a0b7959a6c176cd9b3,3.224887e-09,1,4,1,1.430000e-07,1,1
a036ba26be5b4a804a78510b9cdbb0cb0e53ac109a1787770fbbfce959bd624c,1.787290e-05,1,2,1,4.851167e-04,1,1
a04b74bad3389824e5e8e939002ee4d193fb522f057b2ee82825cd10a8eb2f7e,1.787290e-05,1,2,1,0.000000e+00,0,0
a14f0544b8b0db01b07eb3471edcde6cafdde48252b78b25d406fdd046975e17,7.453073e-06,1,2,1,1.881699e-04,1,1
a164933878d6570ae75d0c8194375f32ffde85aaf28fb59c37b06566086f35e1,7.453073e-06,1,2,1,1.881699e-04,1,1
a28f27c09525674e846099654617aa425415270ec7e10ef07386fbdb1d816b7c,2.199742e-05,1,2,1,4.951775e-04,2,2
a296e4fc4d893a8735ffae4857690747d80c4e74a66f7d29e6e36c73b053d5b6,7.453073e-06,1,2,1,1.881699e-04,1,1
a2ac4c21dcdef4c52c6beaab4776155ea4f1b6969a41f7456541baa1965e486a,3.224887e-09,1,4,1,1.430000e-07,1,1
a2be9b482792043809dea61a7e0419abbb9774fe57efba525d31cb15278f8bd6,4.124516e-07,1,3,1,1.006080e-05,1,1
a2ce47321c1c3b04e8ab1745b31317fe7e936a90907eadb4bc059da7a792f8fd,7.453073e-06,1,2,1,1.881699e-04,1,1
a2d51e0cc42dfd5a95fafb7f05d3567692872045e47cfb100c1adee6c6afff42,4.420710e-05,1,2,1,4.851167e-04,1,1
a2e326509b1807d65b0f75a860e4ce9026280fa0b6aca002ab8d48447193ba1d,4.124516e-07,1,3,1,1.006080e-05,1,1
a2e3811b4df4aedc97636bc7e00bf7c0e3d3d3d49ebe5276ce1779240c5bcff4,1.497269e-09,1,4,1,6.639285e-08,1,1
a372a06024bbfde043acc5eac329caf7c12575b75578aa0a9b1b963f64392372,1.629123e-05,1,2,1,4.293068e-04,1,1
a3a9e5666fc5c4b72c4f1f0aaca3335df5c9bd511288cc13ba93cb48ca59299f,1.787290e-05,1,2,1,4.851167e-04,1,1
a3d88f12d1c4e15bfbb3548e1f8768465f3ccd9d88ec00fb7aa23f808a7a58da,1.497269e-09,1,4,1,6.639285e-08,1,1
a444066b9bfb239a85e8d81f0fff1aa5c8fb8af953e34ad73809325610d644c6,2.422249e-05,1,2,1,9.206561e-04,2,2
a47e632e67ddd54827bb3bb705b58456c0e2b23ee0934af1b7be4e361f6c83e8,7.453073e-06,1,2,1,1.881699e-04,1,1
a4ce2558e5c5ad02defd081b46922081c5f911f24c776708bbfc4a9616aba59d,1.787290e-05,1,2,1,4.851167e-04,1,1
a5c5aa605fa9dbca67554a7045178571251258df7d04953b378d60bf0ccf94c5,0.000000e+00,0,,1,0.000000e+00,0,0
a5cba5ca73a8f42d15e0da7a170fc7a2e04f0da117c6cafdafa64900fb54c46e,1.629123e-05,1,2,1,4.293068e-04,1,1
a65d20e7af6c9adb0ebd155b156a7372b96bb45d146d9c84d2f189f46cb69575,1.787290e-05,1,2,1,4.851167e-04,1,1
a6ed961d20d35b209ecf010c06cbd35ef740104e801d092269edf432e735e49b,1.787290e-05,1,2,1,4.851167e-04,1,1
a7a4f1069475ca368bcabe41b787b4489a316360aa4d89982cacbe213c21f2ec,7.453073e-06,1,2,1,1.881699e-04,1,1
a7ad4e65741c2eae2cc6b9ef9cc1afa5791df8ee1af60d3f897631ee12991735,3.726537e-06,1,2,1,0.000000e+00,0,0
a90aa55949e65d4f8674457f0b1741d225feffbb159c80f6e8e1496628a182d9,1.629123e-05,1,2,1,4.293068e-04,1,1
a90ccb6343f719b2fead593ae92f30deb31fc0b6c364e8c6fb312f3bbc3a7735,7.453073e-06,1,2,1,1.881699e-04,1,1
a983e23fab6f1d1410b9fb3f73a5e04241355eab90995784b7b7f49cd62e0364,7.453073e-06,1,2,1,1.881699e-04,1,1
aa27b23dbbe9e5951a55ae71794aaad15c00694d481769a52eede87aa0ae1ce4,7.453073e-06,1,2,1,1.881699e-04,1,1
aa3dee2d04ebdddd201b5ccf13977da1e09e7f4e74540c46cd7a513b885e6f80,1.629123e-05,1,2,1,4.293068e-04,1,1
aa41944d5989d85f7d5d6f7d86fdf80847abe10e320aaa4833f0bf08e007823a,2.329085e-08,1,3,1,2.191735e-06,1,1
aac786aa2e6aeeb646146ba2809d00a75dc2ee6661d213a86e945ba236ad09d4,7.453073e-06,1,2,1,1.881699e-04,1,1
aacfebcf9dda365c2f91d3464071394743992792f9df95bcd9a8615777499c34,8.145615e-06,1,2,1,4.293068e-04,1,1
ac55c00c0188d73ba2dfd6c4b5d03f37bc5a4ea2db51b187ca75b4b2cb39d2e9,4.658171e-08,1,3,1,2.191735e-06,1,1
aca25caff722eb0327806690879f7458d8abf0a88eed89a82593f82e80f676a2,2.096177e-06,1,2,1,8.614565e-04,2,3
ad29e41b98bc9dc4805faa8a2618924d2c68578992b1c3c8777a6c60c7c232fd,7.453073e-06,1,2,1,1.881699e-04,1,1
adafabda0d96ffc49c76fc9a71ed06997e16f7c26ae2a786f43d64449e8aa225,7.453073e-06,1,2,1,1.881699e-04,1,1
ae0bc2bf75b4b98c469c5c4ae2692dc0636e4c307cd7b2fda6691339a22a52f8,7.453073e-06,1,2,1,1.881699e-04,1,1
ae16a46a53ccfd8b203164af5c7f0f5e8d9c89680fa17ae199277e979cef64fc,4.124516e-07,1,3,1,1.006080e-05,1,1
aea90af876b4e161b8f6fba26e4c726efeece0db73aff0588adc3ad8112e8899,7.453073e-06,1,2,1,1.881699e-04,1,1
aebb51db78a32cb58303e83099088fa7eb04ff28512e6060e43ebd32e2cd1ffd,1.629123e-05,1,2,1,4.293068e-04,1,1
aeeef66b0eeee5d4d507c300ae15e6c7c6c241098810454efbe2b992a7107a10,8.181818e-03,1,1,1,5.708264e-02,0,0
af292e48596a064e45d439e651d701f15333f95bcacf5801d980e11d963ef910,1.787290e-05,1,2,1,4.851167e-04,1,1
af753c8cf92eb26d1ae82ad3375c945cc7d2d3df721f6b70fb1d3be53af9b3e4,7.453073e-06,1,2,1,1.881699e-04,1,1
afa8af54cec3d55cc2fb7d1922ea9f9ad6ac22885c63a43d6409bddd0b4113ad,1.099871e-05,1,2,1,4.951775e-04,2,2
b00703941fe04acceeabea67c7a6ec112b37b2d0999c5b0ec29d96e9364c2d46,1.629123e-05,1,2,1,4.293068e-04,1,1
b0495006dc9a0357e47215e6918dd05799ce0d7d78d848dac3a24a44cca1e919,1.856032e-07,1,4,1,4.266277e-06,1,1
b0510a80fe195d0cd92a818afbbd050324fd990d336310181942967aa82185b0,7.453073e-06,1,2,1,1.881699e-04,1,1
b09e17ff90971da42e687411598cc82d0f60136c22ee1f258895763ef6325069,1.629123e-05,1,2,1,4.293068e-04,1,1
b0a8874261f48b50868657da50e9d4d716c562d37fe514ac7db4c29eec041651,0.000000e+00,0,,1,0.000000e+00,0,0
b0beae9462079697731af9fa17357d1ec508c769b0d1bbff0ba121b4f479eaa4,7.453073e-06,1,2,1,1.881699e-04,1,1
b0d2fa4acae1a2443602e912849d85f18b6305601753fe7b521391867f910f02,1.676941e-09,1,4,1,6.885185e-08,1,1
b108f86343b2fc8f695582f8eb366bc1dedc151b522dc251279d6ef53702eaec,7.453073e-06,1,2,1,1.881699e-04,1,1
b1dbc6a16e8c0f386be7434718f914e7d2218cd2e9ea6d2cd0abd6fbd859fc00,3.644123e-08,1,4,1,3.289000e-07,2,2
b1e3fec81091a6ad3bffce0793a3953393a6849de5ff77c3fc4225492d8c8574,3.726537e-06,1,2,1,1.881699e-04,1,1
b337fce3c28ddb43c379440eac4484e3f9cbbdc21047ceb14b3c80f06c9b6009,1.629123e-05,1,2,1,4.293068e-04,1,1
b3608748214e48ae4aa739610cba723e58491b9c03a52c24af12e9fd07788291,1.497269e-09,1,4,1,6.639285e-08,1,1
b4396d51848dbcef32bc8d0511897fdf5a5281ac1abf1081970c7afd30361b4c,7.453073e-06,1,2,1,1.881699e-04,1,1
b43fb0989861f31104a1b75cf852aa3ba424b86bd6eea03316ba1b4ea32a0258,1.629123e-05,1,2,1,4.293068e-04,1,1
b47257820f2473410e881868a4f2ebc0ef1100a366f614fcb7feb15b916e32ec,9.402269e-06,1,2,1,2.191735e-06,1,1
b52eaebce17a6405c119c7240b5c93c2abb650eacfeb4c77362beac688a89781,2.329085e-08,1,3,1,2.191735e-06,1,1
b5e1d1fcb39beacae6163c363560221770e8c30fc0ad03f4cbcba2d85e3c7d50,4.658171e-08,1,3,1,2.191735e-06,1,1
b60fdc53a7ffa7ec62a94e39e89cbb9c16923a7b24ac9d726f8460e68c5b32e4,1.497269e-09,1,4,1,6.639285e-08,1,1
b6126791153acfc61d4d13ef8144aaa1376619d7759d0906d9a673f22800e64a,7.453073e-06,1,2,1,1.881699e-04,1,1
b6a1f3e2e0f1b1946a5d063ad3e77a2c91fd9648bae3a1880cffbd201f752490,4.124516e-07,1,3,1,1.006080e-05,1,1
b6a83372c5d9ea1d89216edcb7c22fdcb1660c3f4d4b1e8bc9fe29eac479de68,1.787290e-05,1,2,1,4.851167e-04,1,1
b6bee8d3a3702f2e26f3a9e1d6777caf1b6c84767933458af01cd0104abf9530,3.224887e-09,1,4,1,1.430000e-07,1,1
b7cea607f1ce8b9a25ec5dbad79083cf109b2320f163bab769be6d002a41a562,1.629123e-05,1,2,1,4.293068e-04,1,1
b7e41046354d6422421a6e6d3ac20b891823c3880d722e820d58dfbe40cffdf9,7.453073e-06,1,2,1,1.881699e-04,1,1
b8dd34c81b0f5bb4eefe69c36feedc3d00b8cc529c53bdcbff82b393bfb9a572,7.453073e-06,1,2,1,1.881699e-04,1,1
b912debd7fd4ef400a345f240d77aec666ef506d2cbb31ff947a1a69822c57ad,1.787290e-05,1,2,1,4.851167e-04,1,1
b9f2692727f13e5eec506a8301b538324c94b3c41ee0695f328a49d5d86b0008,1.629123e-05,1,2,1,4.293068e-04,1,1
ba1d7b567830437f2f34c5db30cc550db73a6ba17d9dfd2bb869ad0ec48d6480,7.453073e-06,1,2,1,1.881699e-04,1,1
ba7207558e4db5e9473fbe31664bf71d0315ae1ff0a45f661da2424c0e12a37a,7.453073e-06,1,2,1,1.881699e-04,1,1
bb3ed1e439c9c0c4aadf9cf354db43f7ee5439b25723ca661794a51042d17e73,1.629123e-05,1,2,1,4.293068e-04,1,1
bb8c01cff6ef89141ac9c17ecacb151c406efcb0fcffea7df4bd86a5f79aa148,4.124516e-07,1,3,1,1.006080e-05,1,1
bd6b63934e7e6c6bb122eac8b876f0fa41f012e96a675660a4de4f5256ebdb21,7.453073e-06,1,2,1,1.881699e-04,1,1
bd7bcc2ef96eb945b14272c8c3e9dcd6e546bf4caabc3e9029988e94c93f2ec2,1.629123e-05,1,2,1,4.293068e-04,1,1
bdfa8088b974e08952ff4d5c6afcc302f0908c67432dcacdefc9ec36c8851e34,4.658171e-08,1,3,1,2.191735e-06,1,1
bf1d9344cded7612711863c46db82ed6f059d9bde523156abc912b34b7583d5c,8.936452e-06,1,2,1,4.851167e-04,1,1
bfa8188bc204368cd7c05f6153acff0ab131e37a01162f8ecb2807517c1600a5,7.453073e-06,1,2,1,1.881699e-04,1,1
bfb315f0049e35e18945c41680bb545f9246eb803a19389a079ba3be68651805,7.453073e-06,1,2,1,1.881699e-04,1,1
bfde18c6bc992943478a833da3c2d58cae414cdde7c4ffcd04a2208d006e43b2,1.629123e-05,1,2,1,4.293068e-04,1,1
c08ba083930ddcfa350d52afd38aa0369d387fd6e5d22ea431bf022d6c361500,7.453073e-06,1,2,1,1.881699e-04,1,1
c0f497b80a93e2d97d3cf38e6d8447cfbe8167fd21a134392470e51e17084558,1.629123e-05,1,2,1,4.293068e-04,1,1
c0ff5cf7b499fb2c34d77678bdbd1494d0bb67661a02957664aa3977810256d3,6.220693e-06,1,2,1,1.006080e-05,1,1
c157c75769773752a0d1e0a937409ac00df80f446d6173daa2b54183745c673a,7.453073e-06,1,2,1,1.881699e-04,1,1
c19e1274dd901b87958269c034e15c1c05fb45ef74f07191c7c614965f644950,4.658171e-08,1,3,1,2.191735e-06,1,1
c1f7263b57aac0c307382a5d106f69465bd3b54a57d88554330dde6c06a48dcc,7.453073e-06,1,2,1,1.881699e-04,1,1
c1ff1af6f3af4d75a8b78629c70127ef7e881fcdeef487ef17602371b9e1f984,1.497269e-09,1,4,1,6.639285e-08,1,1
c232dd0c604a18b731d24565667b12cef9273c9cd04b312029419826e2926945,7.453073e-06,1,2,1,1.881699e-04,1,1
c3080363fcb06aede907dc39f1813a7a0f4d9436129a15b8761c632d8adb83ae,7.453073e-06,1,2,1,1.881699e-04,1,1
c31f27f5c1746197cc4dfb7377ea88f495c6d26ca3a63e59f0e0527c29c38eb3,1.676941e-09,1,4,1,6.885185e-08,1,1
c32328f9f509c5baea8e6dffa6ec20589b777910d84ca3e5ac823605f9826158,7.453073e-06,1,2,1,1.881699e-04,1,1
c3239b440a73b143f0d32c50981e67cf9ce9f31257f546b703cf05021b0b5eeb,7.453073e-06,1,2,1,1.881699e-04,1,1
c36de96e9e7fcbaeb185bddd4d3292b6706757eb446024edeb9c33c1da688879,1.787290e-05,1,2,1,4.851167e-04,1,1
c399bcf612084164f68ffec1c422cfc20eb6d9915199f4e8884d6fd54496e7af,1.629123e-05,1,2,1,4.293068e-04,1,1
c3ef21480676b009b4a4e5c2fb6f6cb80b0084e1c5c527286347136554e9828e,1.863268e-06,1,2,1,0.000000e+00,0,0
c421b593a497684a14a1c53d7c203f22b79212371adec8ae9968178cfc127390,1.629123e-05,1,2,1,4.293068e-04,1,1
c4d9ea4c8d98a9d96b53b53fc9a12b2874949aed83584b0a9f50a1967cd34f7d,1.787290e-05,1,2,1,4.851167e-04,1,1
c53c073646f97ef0992507825e565a3b7f98e7f80e1d07577de8151294d6c1b8,7.453073e-06,1,2,1,1.881699e-04,1,1
c7437099d982045ca6ce282013ae68fd53b8faad506c1d13a112b30f11a76bf0,7.453073e-06,1,2,1,1.881699e-04,1,1
c794c1c5d234f5afbbaf84afcf0b59493631312acdb4e39a7905072f288ffd4c,6.335112e-08,1,3,1,4.452322e-06,2,3
c79a2fead305a37834c4861ec3d59203087fd907f128d131b8e33c75af1d3110,7.453073e-06,1,2,1,1.881699e-04,1,1
c7c84d9becc366dc9fd1d9bf1d4450a3a20650e72e1c0ce76b55f03eed7f97a9,1.629123e-05,1,2,1,4.293068e-04,1,1
c7d02d2d70691b27f2673e794f2210b42f5c7f21264439bf6feff92ec7a8fe57,1.787290e-05,1,2,1,4.851167e-04,1,1
c7d403538ad480dac67374fc0ff9d8806ea069d4de7f7a66276ab12d3a17adae,7.453073e-05,1,2,1,1.881699e-04,1,1
c7e6df6fb412d8eb30a56f6424ea9e0d41253a58a3190ce608d7616e00529142,1.664963e-08,1,4,1,1.352447e-07,2,2
c8a4fb827e48e16cfb97becc133cbcf12ddc1fae4acc237129703ac696c9ff77,7.453073e-06,1,2,1,1.881699e-04,1,1
c8aa980ffbd865724a88f549f97e2e74c53f0eaabf0d220399f490a572cadd78,0.000000e+00,0,,0,2.948343e-04,2,3
c95ae993eec698b56ebae7a167ccd9dc2ea3f012f5a166c5a717dbd567460e56,7.453073e-06,1,2,1,1.881699e-04,1,1
c9a349382a4c14acf6da9e2dcbeb0574e5cdb9f615442a8ae05c392bad9ef903,1.787290e-05,1,2,1,4.851167e-04,1,1
ca7ac64fbdb109df778d64e729d8cc92d2a2114aba41e13d464b26aa395c7ed8,7.453073e-06,1,2,1,1.881699e-04,1,1
ca874218c0ca61483e83b1ba4963147185008bd44e69bf65dd74fd1d0a577e7e,1.629123e-05,1,2,1,4.293068e-04,1,1
caa644809bebd248361967207482ec18294d0de4360b3fda4143b3332969dfb2,1.509247e-09,1,5,1,5.908296e-08,1,1
cb312e69a0fae9455ca6242f1758302eba7d79539478bdc601a08832fdfb672f,1.242179e-06,1,2,1,1.881699e-04,1,1
cb322942dd74e25c246d20d330493cd78a700a99df6dd50c1ba44f2324963054,2.062258e-07,1,3,1,1.006080e-05,1,1
cc1957e0ba9cb948c885b87021d626e33f7d0216b329eb77fabe69007bc2bc36,1.497269e-09,1,4,1,6.639285e-08,1,1
cc227d47fd00ec5993be51c0732f4d95d18f0207e8cd1ef3a6300e625e5e3a47,3.726537e-06,1,2,1,0.000000e+00,0,0
ccc8e5dc39c07e97ab8af9ef87937a85515e2c124afcd6b14f0f5a0ba1974c71,1.629123e-05,1,2,1,4.293068e-04,1,1
cd337133451277a9c626339045cb9c9a8b7bc28dcabb5f7fa1fd86c8a862f3c4,7.453073e-06,1,2,1,1.881699e-04,1,1
cd52b23d04aef1c912072e1f081a56086b406bb2a20bb886bb1ec73d63b9ac80,1.676941e-09,1,4,1,6.885185e-08,1,1
cd58abc9c761d854866a3276ae6171acb381e2f57b48c4496842d707f6c6c9af,4.658171e-08,1,3,1,2.191735e-06,1,1
cdea3c4cff8195d73d89592d0a4da30b0c95c53fc7aee9ae1dc0909d9dcafd79,7.453073e-06,1,2,1,1.881699e-04,2,2
ce26546941f6ce25d7373497ad4d22772e08001fae0c5ac2928761a7a44b3542,0.000000e+00,0,,1,0.000000e+00,0,0
ce2ef90ed6646bf9cce1ec87b7a29f5a4385aee3591a61700cffe8ce07480da4,1.629123e-05,1,2,1,4.293068e-04,1,1
ce90ed218ce9cfbbf3885eefd06cd19f128fa083d1c68cbea14ea09e1e10acf7,1.629123e-05,1,2,1,4.293068e-04,1,1
ceaa44b649e27a8357c53dfd425aea7061186d3b89346cca6aa6dee8e093acc7,1.629123e-05,1,2,1,4.293068e-04,1,1
cf76b3d0c34a385ba30d7a8b21349c020ce74e785edff9d7dd98480dca8008b5,1.629123e-05,1,2,1,4.293068e-04,1,1
cfe248c38933693b1ddeb62e17976a4d2396b0c738af5356bfffbe559d1a3de0,1.242179e-06,1,2,1,1.881699e-04,1,1
d01da6c19e52142c1c5f0cfeb1a96f6a771e02d823c0fabd353d9e5f3271396f,7.453073e-06,1,2,1,1.881699e-04,1,1
d044a813ea97247521d047471dcc4f5e62543fdf10662237ef6dc60f44ac0b69,1.117961e-06,1,3,1,1.599966e-04,1,1
d0f1c7821a109ac75fc0a9089f01c062301ec10d5df34d15c6b8b42c0e163c4b,4.006027e-08,1,3,1,2.260587e-06,2,2
d1982356532e5cae2faf692b1da25f63bfeb101fb6059ebaa382854a3faf6087,7.453073e-06,1,2,1,1.881699e-04,1,1
d239a74a08c35aabb2e95a871899fb6b0683afe5d99c92160438817c430dca0b,7.453073e-06,1,2,1,1.881699e-04,1,1
d258c144140b3acfcf2d7c30ce27abc0b355efe8ebfe4c223d3fa8c64ecf28fb,1.863268e-06,1,2,1,0.000000e+00,0,0
d43ef3fd0d52bd0c19f276ab99fc35eac50661416425e1a240622731ff2926d6,4.192354e-09,1,4,1,1.859000e-07,1,1
d44e2f2d82f8975cbb0e7b39ef0d69fd2c0869440b11e56024b926ba5e56ecbd,7.453073e-06,1,2,1,1.881699e-04,1,1
d4a480f0c31511b445e98ff347e2dc90c43bd98108b5f898d4d686d539445f3e,7.453073e-06,1,2,1,1.881699e-04,1,1
d4b3f4f5ffa035833545176757e047caaf7edf3b835bdfd487d6dadf54d109af,8.187539e-06,1,2,1,1.859000e-07,1,1
d50ba0d012d3077be61a29b9ff2674bf43d9d6e5af8d60fa1762008fd3ce128a,7.453073e-06,1,2,1,1.881699e-04,1,1
d514f1e6ff0a0b813240b58e8d8fd2418fa22577f4a046df331cc8f336ac9a9e,2.484358e-06,1,2,1,0.000000e+00,0,0
d54f015924a0fdf7cf2719589c5a65eef25e862a5c860a20a9a1d922f66b57e8,6.453602e-07,1,3,1,1.006080e-05,1,1
d60acebbedc113f0c873ab3c04fd8165d9d0a2574d06f311382684132d4febaa,1.787290e-05,1,2,1,4.851167e-04,1,1
d624743a6d92fb9aaac5670a1ab840f210241b9eb1667bba306add91ae13ea85,1.127277e-05,1,2,1,8.936084e-04,2,2
d68a86a24257a0e3b06892c97979b14fbd8ab23841c2bec06390558ca0b0c1e5,1.787290e-05,1,2,1,4.851167e-04,1,1
d6f4e3fbab0469eb2b406c832508e6098fbd66bdd0d775406e6548eda117d04f,1.629123e-05,1,2,1,4.293068e-04,1,1
d701ccb7076a6f0823ccb0c381911f8f5990d78f3cb013c55b0b3d469daf1ef3,4.658171e-08,1,3,1,2.191735e-06,1,1
d70274cbcd4e0c7cfcb4aad67da37fb64100c842b2bc31ab8d18a3bb13ee97df,7.453073e-06,1,2,1,1.881699e-04,1,1
d7199ed0db56bbe05afa57c6cd992534e70dde2e195ae7a56c65ae7c6c5ab5ee,1.629123e-05,1,2,1,4.293068e-04,1,1
d741fd8fb6112ed743ec18ebd59820edec95b6236957a838051e57c5142b9f4b,7.453073e-06,1,2,1,1.881699e-04,1,1
d742a9c43a05a9392e467d266acbe25c4593952a4a70c5e35472ab8fa65a7242,4.124516e-07,1,3,1,1.006080e-05,1,1
d76dbfeb650f4d5bae87278695f94522ceb1ffba1fc95942be735a9a38aea1e9,7.453073e-06,1,2,1,1.881699e-04,1,1
d77fdc3397aa03535169c10bdb63f467024cce0d42398ec29acf3abc02db5dd9,8.181818e-03,1,1,1,5.708264e-02,0,0
d82a37148b0001535f275577f29493714e2c3a8fa2cef51eb48dca2805775081,7.453073e-06,1,2,1,1.881699e-04,1,1
d89b711889fa9a5a4f30630310bcc97ec2e64a3c74eee62f7073e7856500f4bb,7.453073e-06,1,2,1,1.881699e-04,1,1
d902708f144c9cfb7a6906f62e1896271562047f205eb831adb9c669bbfe2d6b,7.453073e-06,1,2,1,1.881699e-04,1,1
d9fdc2ddea501b4b48dfcda36daca6f22ff1d7c80683c825c1f42b946d6715f2,4.192354e-07,1,4,1,1.859000e-06,1,1
da7888fe02c129fc898dad5b8f0fbb8f64f33a039e045ebcf86b17f1aba28624,7.453073e-06,1,2,1,1.881699e-04,1,1
dab1a5d0edc16708a00d7d42abf32ca56e6b7fa3b6e3af12fa4b76cc92304a64,4.658171e-08,1,3,1,2.191735e-06,1,1
dab3c7fe9c77dfe1bf6e17bfeadf03bc2412f9061ceedc4885affe17473ea398,1.629123e-05,1,2,1,4.293068e-04,1,1
dae471b4737f60170945526855edeaecd317e9b92aa4d84bc808097415c5b816,4.658171e-08,1,3,1,2.191735e-06,1,1
dae83e1ad5ed1314627008b218cdb7fff325343c7233e1c8874bf4d6c908078d,4.658171e-08,1,3,1,2.191735e-06,1,1
db2843bad82ac30412fc8d25f7a8d4accc7f455e7aa61fb5383585ca864a2573,1.629123e-05,1,2,1,4.293068e-04,1,1
db6b2585afa3f4e4ef225ef5bcfe150dba756aaad972eb212c3253fcf40ff029,9.240364e-05,1,2,1,4.851167e-04,1,1
dbca377ee1e3a64b3555bdef31f249b1838a8464e8f3d05ac0f27f93ced6d3cb,6.453602e-07,1,3,1,1.225254e-05,2,2
dbd57fc94bc09785ac626edcaed97d6156a411b4261928b951364c3e85f69b97,1.787290e-05,1,2,1,4.851167e-04,1,1
dbed8704e92b5f4878516402628b50d7adfbde07f31ff6bf4eeec0c6b90a014a,8.042807e-06,1,3,1,1.859000e-06,1,1
dc03788270a7616912ac5008487a9f812393d476bdfd76ed41cf98d8749b15f3,2.454778e-03,1,2,1,1.617056e-02,1,1
dcb0854ae2b9a41e6e7769099a089eb5bebca22a6e7c428ce2f80eab754500fc,4.658171e-08,1,3,1,2.191735e-06,1,1
dd50f711c3aeb42d801dadeec274a12042b626244436801b16354895430526d2,4.658171e-08,1,3,1,2.191735e-06,1,1
dd88feaa613fef6aea530e21973a1f077acc980bd62aedc11f926ffc88012d8f,2.329085e-08,1,3,1,2.191735e-06,1,1
ddce3eac2f058733aee007f8160fe581b3f327004af72c668bb33bb0f22c04f4,1.629123e-05,1,2,1,4.293068e-04,1,1
ddd0443affd6b4500d55d41caa5e8c4375e2b98417a532f71917212ca4c9b174,4.658171e-08,1,3,1,2.191735e-06,1,1
ddf0547234e33a887f71de3840d2a92c1d1c08d56e1a04b8a517dddc083298f7,7.453073e-06,1,2,1,0.000000e+00,0,0
de1f82b28f4638908533d09fc6ababab330d20b0eca2a5a6d15699128473c556,7.453073e-06,1,2,1,1.881699e-04,1,1
de5c38a4797b8ef9278874bee9f0e08f130451367c081fb518d9bca83086e8b2,3.726537e-06,1,2,1,1.881699e-04,1,1
deb00c0e7de1808c83bdcb21fbd0b5f264de6bb448205e2e94924fc5dbd6d918,2.484358e-06,1,2,1,1.881699e-04,1,1
df0aad10fcc8247735670a8c524fb5a0c5e9a751fe176432fddf07fb852ed00c,7.453073e-06,1,2,1,1.881699e-04,1,1
df11de757f0220d47d92711d9adba7049049108ccdefddc2996c64e992652eea,1.787290e-05,1,2,1,4.851167e-04,1,1
df7588d03763bc76cf8676dcafd0205374fe63c26253c554a5a7bc1afd9f1ade,1.629123e-05,1,2,1,4.293068e-04,1,1
e016f41bdc6f4d449b1f0a889b20e11c378497788c4df3821e7de90e4d42b3cb,3.726537e-06,1,2,1,1.881699e-04,1,1
e0195c33a1de57b5bf0479ea7de30560679aa493a093cbc6f65be344df7f9516,1.787290e-05,1,2,1,4.851167e-04,1,1
e08d5792cd44bf90eff48570e11f82176fc95baf106a27cabb0b07d1727fcbbe,7.453073e-06,1,2,1,1.881699e-04,1,1
e08e54eb7e8db8de11e7e8064eb88a245fefff14d008e448104ee429bff8e626,1.787290e-05,1,2,1,4.851167e-04,1,1
e12a538b7924a93beea8e3e225357143bd14b27e762edd60d443c7d6fc268e40,0.000000e+00,0,,0,1.881699e-04,1,1
e13953f3bf86ae2a7cfbb04ebe04d5b164af6808921aa6842b2705496fecb961,1.787290e-05,1,2,1,4.851167e-04,1,1
e156b8fc6cc5a059b3e0b2f1452cf0735e9f6b7a543f04e6bd653b8076e4b9b6,3.464232e-05,1,2,1,4.851167e-04,2,2
e1816102753359d6bdbf2ab9a0281d5b345923fceb02809b5845c699adfccecb,7.453073e-06,1,2,1,1.881699e-04,1,1
e18696c7b5abd6905585770bc1bb75143d32fb4db145dbbc61962edb80b8aab7,7.453073e-06,1,2,1,1.881699e-04,1,1
e21a1cb736a3d0fa2d165efdab53c061ec1dbbcc15d53513d460e563579a8218,8.042807e-06,1,3,1,4.210255e-04,1,1
e27303cdbf5dfef7c63a6698a513607bb02b298c0f9b09b49bc49bf4ecdd673c,1.497269e-09,1,4,1,6.639285e-08,1,1
e27bf7a98daa233dec68697c08130bec82133854a370fb42ea5578cd32363cd7,7.453073e-06,1,2,1,1.881699e-04,1,1
e31cf3e3fcae6c96fc6479ea583608bc19da4dae7ba8ebb766e10f16b3d40d4b,1.629123e-05,1,2,1,4.293068e-04,1,1
e3b88280cd15f21b91bc7825136c190d85a930f48b2f07dbd48058a5589de632,7.453073e-06,1,2,1,1.881699e-04,1,1
e4c378a1c46b7d73b1595561a31b9ccc624ec01b378b3de42a59b7910c456d4d,8.204410e-03,1,1,1,5.708264e-02,0,0
e4c74d0109ef22634ee244a8b61521861939f3dc406042688ce65ba0ef762d92,4.658171e-08,1,3,1,2.191735e-06,1,1
e5273fb5a4a40875061d3d4df3b96b0e2127e179b748e387de5ce878a67733f3,4.124516e-07,1,3,1,1.006080e-05,1,1
e528e3f298ae7bce27874aa9fdc1edcd7eecb52aabffd1fd95e246c77b569a24,1.629123e-05,1,2,1,4.293068e-04,1,1
e5953d640b860228f2a32976a2a3f8aaa90d8a8bab798a6cd89681a99cc74e3c,3.726537e-06,1,2,1,1.881699e-04,1,1
e626c47f343245d98e8e913308235315e4e5edeedac9108381143f3d2789fe4a,1.629123e-05,1,2,1,4.293068e-04,1,1
e6af6aec6f54538395a4b6baf367c1a803144d6fc9cd0675754a896979d89e41,1.629123e-05,1,2,1,4.293068e-04,1,1
e707854a69f7583aff0aa288ccc9838a2eeb8f31b3adcccbab16522ad26f82d1,7.453073e-06,1,2,1,1.881699e-04,1,1
e72057e684ab905d5ba76e0b8faf0c23e702e4439acb51fa1a27ba1f391ec923,4.658171e-08,1,3,1,2.191735e-06,1,1
e80ba34f4417b85572fcea8449937e193f417d9b35440a36b7fb7f0472aef05b,0.000000e+00,0,,0,5.333221e-05,1,1
e8407a53e72a86e5d5a9ae2d2996755b6fd65b12ac8a0f6508b2974b15c1ef7b,1.787290e-05,1,2,1,4.851167e-04,1,1
e8b8751e5d3f2613c10c43cafbe5993e5f4fa7f18e32ab3ed5bf5a2c02372a1e,2.329085e-08,1,3,1,2.191735e-06,1,1
e8b9d746d10148d566f7b084f21853113b5b100d30f3c948a1fcdb3a6af6ab79,1.787290e-05,1,2,1,4.851167e-04,1,1
e90bee7f990057faa98744ca98c73d13ffb16a3559f18e5e4e85f098d005e79c,3.726537e-06,1,2,1,1.881699e-04,1,1
e98fa905c06c226ce2864de23acf838abe08c624bd683058f6cf7fa0bfadbdb2,1.787290e-05,1,2,1,4.851167e-04,1,1
e9a0c245fcb654fd0f106c05598264ffaad6313247fbe10074e31a5110a81c05,1.787290e-05,1,2,1,4.851167e-04,1,1
e9b4aa11811fa74b4d1a593975360f2f774f9a1af28cac7fe42112d25677c2c0,2.484358e-06,1,2,1,0.000000e+00,0,0
ea5651c0ec54809dcd9d35cc111bc601a48f107b4bde1cf90c2371dd5777bd58,4.658171e-08,1,3,1,0.000000e+00,0,0
ea7b6d8567c6bb76929b4ba791b16f1dc8c45cc64f131f6f321c31cf213c0e6a,1.787290e-05,1,2,1,4.851167e-04,1,1
eab9292199e073dcb9f6daf9f0b1ef756edb9d8b9cd9dee85e71c4dbf05d45a8,8.181818e-03,1,1,1,5.708264e-02,0,0
eae635853646d44ab545ccebf5f27e1acf9016febdd6217bf51f363a3da4154c,7.453073e-06,1,2,1,1.881699e-04,1,1
eb0713f9a7df48536876fce9a44243b96397077f3c477bb71cde2ddd0b00d9fd,1.676941e-09,1,4,1,6.885185e-08,1,1
ebd69ed27fb838ad100415890185ac1cd89c81cc1fb04d38506f14178d5b14f0,2.102559e-03,1,1,1,5.708264e-02,0,0
ebecaad15a346d618d1aff0ae26e0306e75e9aee7328253f3775c3b4a025655d,1.787290e-05,1,2,1,4.851167e-04,1,1
ebf49243f2e9a5b429378f85df2dd6055bbba85a98d22ee7afb16baca0ce62ad,4.124516e-07,1,3,1,1.006080e-05,1,1
ec1fdb42564090a513745ca7a0fd5af05860042cba3dc236fce55731bd59c513,7.453073e-06,1,2,1,1.881699e-04,1,1
ed99018da7a2c1485a6d0001a8f635c361f852c14350a50d50933abfc26024b1,1.787290e-05,1,2,1,4.851167e-04,1,1
edf7482308e4e59fc3f658fbd1fe2a2a9a538de3adce2ec7ad6c5f804461d310,8.181818e-03,1,1,1,5.708264e-02,0,0
edfe4340d561d76b4f49c96084b6e79177c6c04dc5fc3fd42a30b6c58651d2f4,7.453073e-06,1,2,1,1.881699e-04,1,1
ee1c2a6d42962bb47b35fad5bce76996bc5c3d70c0867504654d0aa396118117,1.629123e-05,1,2,1,4.293068e-04,1,1
ee6fab3f73a5b1d154a8ff99130aab84b9617aa7cf5bc1cfdc439597c68b7539,7.453073e-06,1,2,1,1.881699e-04,1,1
ef0cf5666812c40cf14e915d8b8512f36ede267f35d4616899b38bf07a3943ed,7.453073e-06,1,2,1,1.881699e-04,1,1
f121cc658b97d011fb3247ba26f92f55cf1b41bf40cbb4cbc390a6a071fd6937,7.453073e-06,1,2,1,1.881699e-04,1,1
f13328c1b24dd8a6b1ae095bf45fdd23924d6df25d824fcb62b238465ae4f340,1.787290e-05,1,2,1,4.851167e-04,1,1
f154817e98e4c045427bab2bad5fed1635d3096b4d7e517cf2f15755a7699b25,7.453073e-06,1,2,1,1.881699e-04,1,1
f1acf3a095e344de053f5c559a69396a5f223b34e4d73825ef09ee2f1e4e525a,4.124516e-07,1,3,1,1.006080e-05,1,1
f428c1a5086c03af043f361d8c6a40baa2cc4aaa0238d6cc06fbfb2ac72f86f7,7.453073e-06,1,2,1,1.881699e-04,1,1
f45993b4cd10eb5fd2c8535ebcfc5fb8cea2eec277c8e33910d88ac655c27154,1.787290e-05,1,2,1,4.851167e-04,1,1
f482ac5c9fbf980851c20ce8bdc9381141ca099a7d78d647e38f63df6b3a1dc0,1.630800e-05,1,2,1,4.293757e-04,2,2
f53e51800a806c6edb311eae69e49e843aaefbaad2f8d6271bd8354625b372ed,4.658171e-08,1,3,1,2.191735e-06,1,1
f547cdb401bcdb9f50ab813102735acf00c75d0a2c9fb479d4ef6b47f9a8bc11,1.497269e-09,1,4,1,6.639285e-08,1,1
f5e6936897ae4e1ece6ec0d94f47a5eef26752e219075eb069d99a15a6202063,1.787290e-05,1,2,1,4.851167e-04,1,1
f61699dd220cb7fb7575e7183c72a08d673c93410586b5e43dd26b16138f9fe8,7.453073e-06,1,2,1,1.881699e-04,1,1
f62eff890ef4dc6dab7dc8974e76bc5363e1802588e9f2cfb4e8722c97761b9f,7.453073e-06,1,2,1,3.763397e-04,1,2
f654c3c55477cfa32c4719c4e9393b21c85d09c9469085e282d4009744c3ac49,4.471844e-07,1,3,1,3.999916e-05,1,1
f71cff6e80e1bdb88cc54dccabd975fbdd049f5f3a9c242b540b13cfef1a515c,3.224887e-09,1,4,1,1.430000e-07,1,1
f7c8d668ca7672562649063cc637c73b33c16e67ef5b21c03829af82624b37c5,1.676941e-09,1,4,1,6.885185e-08,1,1
f852e6f2dbbb2a990d70f73d68317b38bfa33f704bcfd218d33b397d2a1abe29,7.453073e-06,1,2,1,1.881699e-04,1,1
f909dba1914ce9a0fee0a7b1d654e0157a1b237083360a0192923034f227e586,4.124516e-07,1,3,1,1.006080e-05,1,1
f91009758598e037d5400b6dde35dbc24e5bf680fe8dda0e1df4197008399d8b,4.658171e-08,1,3,1,2.191735e-06,1,1
f93aad970ec4f461e34780911b27cc8ce65c70080b33a780bf43b95d5a3249d6,2.329085e-08,1,3,1,2.191735e-06,1,1
fa238f77b8e17475d8407d84d598af9a6946ffb9b846ab3af747888e5bc133cd,8.936452e-06,1,2,1,4.851167e-04,1,1
fa5a968d92364afb1a4c72e49edd0c05a4c1dc2bc811d27aeaa74060b4e5f627,1.787290e-05,1,2,1,4.851167e-04,1,1
fa7dc995dce68225d9a13ac00e434de63e4d2417cd72de6218888bb593f62925,5.513827e-05,1,2,1,4.851167e-04,1,1
fb00ac1f82feb715a3c134e0e795d573af4996fb9b4e2975ddb2ba06f6b1e89a,1.676941e-06,1,3,1,8.477518e-04,1,1
fb9006b0a6d355f34fca310bad3018f3178fa643263554b4b1f43ab4d8d2e1ed,8.384707e-07,1,3,1,3.999916e-05,1,1
fb9c9cc64b04c203011813f104f61d0cd6ffc43372f751c908a09b1c5891e0fb,3.353883e-06,1,3,1,7.999832e-05,1,1
fbed7c8393843f36bfefe947f05f0be5710446fa7e4f0086da2adc28bd80b49b,1.509247e-06,1,4,1,6.785349e-05,1,1
fbf9ea1ab1cafb81fed3b890747b24c8095b616fe843b3bf29a283aa6abfbc51,7.453073e-06,1,2,1,1.881699e-04,1,1
fc0a3fe87b7353b3134f773daf43ca097973562a04e5851b14b87dad334a17f8,3.224887e-09,1,4,1,1.430000e-07,1,1
fc4d8dc3715807a8d374a7523aef30a06a712431a7c15004cec189d25505deac,4.124516e-07,1,3,1,1.006080e-05,1,1
fc55f8d1d1c9803c2f86be37564d209b0a594bbb29f00cd81a51ef44cb804c76,7.453073e-06,1,2,1,1.881699e-04,1,1
fc62b8488f64a990fac3e0410bfef4da9d9b56a313059382221ddfd18815a166,1.787290e-05,1,2,1,4.851167e-04,1,1
fd5decffa9798fc71dd83b1a02b88b089e3588566e60335245729b2098e57e0d,7.453073e-06,1,2,1,1.881699e-04,1,1
fd8a6b715c6453a3df1d8aba862683f2242470bb6478706fa9ae2bcf81340fe2,1.629123e-05,1,2,1,4.293068e-04,1,1
fed9497c7a0d65856412f20027dd8db5a941b5629b3e06962e54652b8912806e,1.787290e-05,1,2,1,4.851167e-04,1,1
ffae1c7ab4057f3847d4a8161a0b6174654e2820a915627cc11eacba8afe1827,1.629123e-05,1,2,1,4.293068e-04,1,1
